origin,forecast_origin,target_time,horizon_minutes,method,model_id,actual,y_true,origin_actual,actual_change,prediction,y_pred,train_rows,train_max_target_time,feature_max_time,data_available_at_origin,future_exogenous_used,interval_lower,interval_upper,interval_covered,interval_radius
2020-03-12 10:00:00,2020-03-12 10:00:00,2020-03-12 10:05:00,5,persistence,persistence,4500.0,4500.0,4300.0,200.0,4300.0,4300.0,1493,2020-03-12 10:00:00,2020-03-12 10:00:00,2020-03-12 10:00:00,False,,,,
2020-03-12 10:00:00,2020-03-12 10:00:00,2020-03-12 10:05:00,5,direct_ridge,direct_ridge,4500.0,4500.0,4300.0,200.0,2042.6784309865918,2042.6784309865918,1493,2020-03-12 10:00:00,2020-03-12 10:00:00,2020-03-12 10:00:00,False,,,,
2020-03-12 10:30:00,2020-03-12 10:30:00,2020-03-12 10:35:00,5,persistence,persistence,5000.0,5000.0,5000.0,0.0,5000.0,5000.0,1523,2020-03-12 10:30:00,2020-03-12 10:30:00,2020-03-12 10:30:00,False,,,,
2020-03-12 10:30:00,2020-03-12 10:30:00,2020-03-12 10:35:00,5,direct_ridge,direct_ridge,5000.0,5000.0,5000.0,0.0,2585.798241027981,2585.798241027981,1523,2020-03-12 10:30:00,2020-03-12 10:30:00,2020-03-12 10:30:00,False,,,,
2020-03-12 11:00:00,2020-03-12 11:00:00,2020-03-12 11:05:00,5,persistence,persistence,7000.0,7000.0,6000.0,1000.0,6000.0,6000.0,1553,2020-03-12 11:00:00,2020-03-12 11:00:00,2020-03-12 11:00:00,False,,,,
2020-03-12 11:00:00,2020-03-12 11:00:00,2020-03-12 11:05:00,5,direct_ridge,direct_ridge,7000.0,7000.0,6000.0,1000.0,5181.746385687686,5181.746385687686,1553,2020-03-12 11:00:00,2020-03-12 11:00:00,2020-03-12 11:00:00,False,,,,
2020-03-12 11:30:00,2020-03-12 11:30:00,2020-03-12 11:35:00,5,persistence,persistence,7000.0,7000.0,8000.0,-1000.0,8000.0,8000.0,1583,2020-03-12 11:30:00,2020-03-12 11:30:00,2020-03-12 11:30:00,False,,,,
2020-03-12 11:30:00,2020-03-12 11:30:00,2020-03-12 11:35:00,5,direct_ridge,direct_ridge,7000.0,7000.0,8000.0,-1000.0,10000.0,10000.0,1583,2020-03-12 11:30:00,2020-03-12 11:30:00,2020-03-12 11:30:00,False,,,,
2020-03-12 12:00:00,2020-03-12 12:00:00,2020-03-12 12:05:00,5,persistence,persistence,8000.0,8000.0,8000.0,0.0,8000.0,8000.0,1613,2020-03-12 12:00:00,2020-03-12 12:00:00,2020-03-12 12:00:00,False,,,,
2020-03-12 12:00:00,2020-03-12 12:00:00,2020-03-12 12:05:00,5,direct_ridge,direct_ridge,8000.0,8000.0,8000.0,0.0,10000.0,10000.0,1613,2020-03-12 12:00:00,2020-03-12 12:00:00,2020-03-12 12:00:00,False,,,,
2020-03-12 12:30:00,2020-03-12 12:30:00,2020-03-12 12:35:00,5,persistence,persistence,8000.0,8000.0,8000.0,0.0,8000.0,8000.0,1643,2020-03-12 12:30:00,2020-03-12 12:30:00,2020-03-12 12:30:00,False,,,,
2020-03-12 12:30:00,2020-03-12 12:30:00,2020-03-12 12:35:00,5,direct_ridge,direct_ridge,8000.0,8000.0,8000.0,0.0,10000.0,10000.0,1643,2020-03-12 12:30:00,2020-03-12 12:30:00,2020-03-12 12:30:00,False,,,,
2020-03-12 13:00:00,2020-03-12 13:00:00,2020-03-12 13:05:00,5,persistence,persistence,10000.0,10000.0,10000.0,0.0,10000.0,10000.0,1673,2020-03-12 13:00:00,2020-03-12 13:00:00,2020-03-12 13:00:00,False,,,,
2020-03-12 13:00:00,2020-03-12 13:00:00,2020-03-12 13:05:00,5,direct_ridge,direct_ridge,10000.0,10000.0,10000.0,0.0,10000.0,10000.0,1673,2020-03-12 13:00:00,2020-03-12 13:00:00,2020-03-12 13:00:00,False,,,,
2020-03-12 13:30:00,2020-03-12 13:30:00,2020-03-12 13:35:00,5,persistence,persistence,10000.0,10000.0,10000.0,0.0,10000.0,10000.0,1703,2020-03-12 13:30:00,2020-03-12 13:30:00,2020-03-12 13:30:00,False,,,,
2020-03-12 13:30:00,2020-03-12 13:30:00,2020-03-12 13:35:00,5,direct_ridge,direct_ridge,10000.0,10000.0,10000.0,0.0,10000.0,10000.0,1703,2020-03-12 13:30:00,2020-03-12 13:30:00,2020-03-12 13:30:00,False,,,,
2020-03-12 14:00:00,2020-03-12 14:00:00,2020-03-12 14:05:00,5,persistence,persistence,10000.0,10000.0,10000.0,0.0,10000.0,10000.0,1733,2020-03-12 14:00:00,2020-03-12 14:00:00,2020-03-12 14:00:00,False,,,,
2020-03-12 14:00:00,2020-03-12 14:00:00,2020-03-12 14:05:00,5,direct_ridge,direct_ridge,10000.0,10000.0,10000.0,0.0,10000.0,10000.0,1733,2020-03-12 14:00:00,2020-03-12 14:00:00,2020-03-12 14:00:00,False,,,,
2020-03-12 14:30:00,2020-03-12 14:30:00,2020-03-12 14:35:00,5,persistence,persistence,10000.0,10000.0,10000.0,0.0,10000.0,10000.0,1763,2020-03-12 14:30:00,2020-03-12 14:30:00,2020-03-12 14:30:00,False,,,,
2020-03-12 14:30:00,2020-03-12 14:30:00,2020-03-12 14:35:00,5,direct_ridge,direct_ridge,10000.0,10000.0,10000.0,0.0,10000.0,10000.0,1763,2020-03-12 14:30:00,2020-03-12 14:30:00,2020-03-12 14:30:00,False,,,,
2020-03-12 15:00:00,2020-03-12 15:00:00,2020-03-12 15:05:00,5,persistence,persistence,10000.0,10000.0,10000.0,0.0,10000.0,10000.0,1793,2020-03-12 15:00:00,2020-03-12 15:00:00,2020-03-12 15:00:00,False,9000.0,11000.0,True,1000.0
2020-03-12 15:00:00,2020-03-12 15:00:00,2020-03-12 15:05:00,5,direct_ridge,direct_ridge,10000.0,10000.0,10000.0,0.0,10000.0,10000.0,1793,2020-03-12 15:00:00,2020-03-12 15:00:00,2020-03-12 15:00:00,False,7000.0,13000.0,True,3000.0
2020-03-12 15:30:00,2020-03-12 15:30:00,2020-03-12 15:35:00,5,persistence,persistence,10000.0,10000.0,10000.0,0.0,10000.0,10000.0,1823,2020-03-12 15:30:00,2020-03-12 15:30:00,2020-03-12 15:30:00,False,9000.0,11000.0,True,1000.0
2020-03-12 15:30:00,2020-03-12 15:30:00,2020-03-12 15:35:00,5,direct_ridge,direct_ridge,10000.0,10000.0,10000.0,0.0,8762.9351288103,8762.9351288103,1823,2020-03-12 15:30:00,2020-03-12 15:30:00,2020-03-12 15:30:00,False,5762.935128810301,11762.9351288103,True,3000.0
2020-03-12 16:00:00,2020-03-12 16:00:00,2020-03-12 16:05:00,5,persistence,persistence,10000.0,10000.0,10000.0,0.0,10000.0,10000.0,1853,2020-03-12 16:00:00,2020-03-12 16:00:00,2020-03-12 16:00:00,False,9000.0,11000.0,True,1000.0
2020-03-12 16:00:00,2020-03-12 16:00:00,2020-03-12 16:05:00,5,direct_ridge,direct_ridge,10000.0,10000.0,10000.0,0.0,9448.229980261223,9448.229980261223,1853,2020-03-12 16:00:00,2020-03-12 16:00:00,2020-03-12 16:00:00,False,6448.229980261223,12448.229980261223,True,3000.0
2020-03-12 16:30:00,2020-03-12 16:30:00,2020-03-12 16:35:00,5,persistence,persistence,5000.0,5000.0,10000.0,-5000.0,10000.0,10000.0,1883,2020-03-12 16:30:00,2020-03-12 16:30:00,2020-03-12 16:30:00,False,9000.0,11000.0,False,1000.0
2020-03-12 16:30:00,2020-03-12 16:30:00,2020-03-12 16:35:00,5,direct_ridge,direct_ridge,5000.0,5000.0,10000.0,-5000.0,10000.0,10000.0,1883,2020-03-12 16:30:00,2020-03-12 16:30:00,2020-03-12 16:30:00,False,7000.0,13000.0,False,3000.0
2020-03-12 17:00:00,2020-03-12 17:00:00,2020-03-12 17:05:00,5,persistence,persistence,4700.0,4700.0,4600.0,100.0,4600.0,4600.0,1913,2020-03-12 17:00:00,2020-03-12 17:00:00,2020-03-12 17:00:00,False,3600.0,5600.0,True,1000.0
2020-03-12 17:00:00,2020-03-12 17:00:00,2020-03-12 17:05:00,5,direct_ridge,direct_ridge,4700.0,4700.0,4600.0,100.0,1568.0047377769865,1568.0047377769865,1913,2020-03-12 17:00:00,2020-03-12 17:00:00,2020-03-12 17:00:00,False,0.0,4568.004737776986,False,3000.0
2020-03-12 17:30:00,2020-03-12 17:30:00,2020-03-12 17:35:00,5,persistence,persistence,4600.0,4600.0,4600.0,0.0,4600.0,4600.0,1943,2020-03-12 17:30:00,2020-03-12 17:30:00,2020-03-12 17:30:00,False,3600.0,5600.0,True,1000.0
2020-03-12 17:30:00,2020-03-12 17:30:00,2020-03-12 17:35:00,5,direct_ridge,direct_ridge,4600.0,4600.0,4600.0,0.0,1610.22240656929,1610.22240656929,1943,2020-03-12 17:30:00,2020-03-12 17:30:00,2020-03-12 17:30:00,False,0.0,4742.217668792304,True,3131.9952622230135
2020-03-12 18:00:00,2020-03-12 18:00:00,2020-03-12 18:05:00,5,persistence,persistence,4100.0,4100.0,4200.0,-100.0,4200.0,4200.0,1973,2020-03-12 18:00:00,2020-03-12 18:00:00,2020-03-12 18:00:00,False,3200.0,5200.0,True,1000.0
2020-03-12 18:00:00,2020-03-12 18:00:00,2020-03-12 18:05:00,5,direct_ridge,direct_ridge,4100.0,4100.0,4200.0,-100.0,1603.758893319224,1603.758893319224,1973,2020-03-12 18:00:00,2020-03-12 18:00:00,2020-03-12 18:00:00,False,0.0,4735.754155542238,True,3131.9952622230135
2020-03-12 18:30:00,2020-03-12 18:30:00,2020-03-12 18:35:00,5,persistence,persistence,3500.0,3500.0,3600.0,-100.0,3600.0,3600.0,2003,2020-03-12 18:30:00,2020-03-12 18:30:00,2020-03-12 18:30:00,False,2600.0,4600.0,True,1000.0
2020-03-12 18:30:00,2020-03-12 18:30:00,2020-03-12 18:35:00,5,direct_ridge,direct_ridge,3500.0,3500.0,3600.0,-100.0,1652.6592150284507,1652.6592150284507,2003,2020-03-12 18:30:00,2020-03-12 18:30:00,2020-03-12 18:30:00,False,0.0,4784.654477251464,True,3131.9952622230135
2020-03-12 19:00:00,2020-03-12 19:00:00,2020-03-12 19:05:00,5,persistence,persistence,3200.0,3200.0,3200.0,0.0,3200.0,3200.0,2033,2020-03-12 19:00:00,2020-03-12 19:00:00,2020-03-12 19:00:00,False,2200.0,4200.0,True,1000.0
2020-03-12 19:00:00,2020-03-12 19:00:00,2020-03-12 19:05:00,5,direct_ridge,direct_ridge,3200.0,3200.0,3200.0,0.0,1927.3535841812118,1927.3535841812118,2033,2020-03-12 19:00:00,2020-03-12 19:00:00,2020-03-12 19:00:00,False,0.0,5059.348846404226,True,3131.9952622230135
2020-03-12 19:30:00,2020-03-12 19:30:00,2020-03-12 19:35:00,5,persistence,persistence,3200.0,3200.0,3300.0,-100.0,3300.0,3300.0,2063,2020-03-12 19:30:00,2020-03-12 19:30:00,2020-03-12 19:30:00,False,2300.0,4300.0,True,1000.0
2020-03-12 19:30:00,2020-03-12 19:30:00,2020-03-12 19:35:00,5,direct_ridge,direct_ridge,3200.0,3200.0,3300.0,-100.0,1714.839800481748,1714.839800481748,2063,2020-03-12 19:30:00,2020-03-12 19:30:00,2020-03-12 19:30:00,False,0.0,4714.839800481748,True,3000.0
2020-03-12 20:00:00,2020-03-12 20:00:00,2020-03-12 20:05:00,5,persistence,persistence,3200.0,3200.0,2850.0,350.0,2850.0,2850.0,2093,2020-03-12 20:00:00,2020-03-12 20:00:00,2020-03-12 20:00:00,False,1850.0,3850.0,True,1000.0
2020-03-12 20:00:00,2020-03-12 20:00:00,2020-03-12 20:05:00,5,direct_ridge,direct_ridge,3200.0,3200.0,2850.0,350.0,1033.7353296168415,1033.7353296168415,2093,2020-03-12 20:00:00,2020-03-12 20:00:00,2020-03-12 20:00:00,False,0.0,4033.735329616841,True,3000.0
2020-03-12 20:30:00,2020-03-12 20:30:00,2020-03-12 20:35:00,5,persistence,persistence,2900.0,2900.0,3000.0,-100.0,3000.0,3000.0,2123,2020-03-12 20:30:00,2020-03-12 20:30:00,2020-03-12 20:30:00,False,2000.0,4000.0,True,1000.0
2020-03-12 20:30:00,2020-03-12 20:30:00,2020-03-12 20:35:00,5,direct_ridge,direct_ridge,2900.0,2900.0,3000.0,-100.0,1890.781307297824,1890.781307297824,2123,2020-03-12 20:30:00,2020-03-12 20:30:00,2020-03-12 20:30:00,False,0.0,4890.781307297824,True,3000.0
2020-03-12 21:00:00,2020-03-12 21:00:00,2020-03-12 21:05:00,5,persistence,persistence,3700.0,3700.0,3500.0,200.0,3500.0,3500.0,2153,2020-03-12 21:00:00,2020-03-12 21:00:00,2020-03-12 21:00:00,False,2500.0,4500.0,True,1000.0
2020-03-12 21:00:00,2020-03-12 21:00:00,2020-03-12 21:05:00,5,direct_ridge,direct_ridge,3700.0,3700.0,3500.0,200.0,3107.9847328737815,3107.9847328737815,2153,2020-03-12 21:00:00,2020-03-12 21:00:00,2020-03-12 21:00:00,False,107.98473287378147,6107.9847328737815,True,3000.0
2020-03-12 21:30:00,2020-03-12 21:30:00,2020-03-12 21:35:00,5,persistence,persistence,2200.0,2200.0,2700.0,-500.0,2700.0,2700.0,2183,2020-03-12 21:30:00,2020-03-12 21:30:00,2020-03-12 21:30:00,False,1700.0,3700.0,True,1000.0
2020-03-12 21:30:00,2020-03-12 21:30:00,2020-03-12 21:35:00,5,direct_ridge,direct_ridge,2200.0,2200.0,2700.0,-500.0,2314.7948600049076,2314.7948600049076,2183,2020-03-12 21:30:00,2020-03-12 21:30:00,2020-03-12 21:30:00,False,0.0,5314.794860004908,True,3000.0
2020-03-12 22:00:00,2020-03-12 22:00:00,2020-03-12 22:05:00,5,persistence,persistence,3100.0,3100.0,2700.0,400.0,2700.0,2700.0,2213,2020-03-12 22:00:00,2020-03-12 22:00:00,2020-03-12 22:00:00,False,2200.0,3200.0,True,500.0
2020-03-12 22:00:00,2020-03-12 22:00:00,2020-03-12 22:05:00,5,direct_ridge,direct_ridge,3100.0,3100.0,2700.0,400.0,1941.1997235626195,1941.1997235626195,2213,2020-03-12 22:00:00,2020-03-12 22:00:00,2020-03-12 22:00:00,False,0.0,4930.97731699333,True,2989.77759343071
2020-03-12 22:30:00,2020-03-12 22:30:00,2020-03-12 22:35:00,5,persistence,persistence,2600.0,2600.0,1650.0,950.0,1650.0,1650.0,2243,2020-03-12 22:30:00,2020-03-12 22:30:00,2020-03-12 22:30:00,False,1150.0,2150.0,False,500.0
2020-03-12 22:30:00,2020-03-12 22:30:00,2020-03-12 22:35:00,5,direct_ridge,direct_ridge,2600.0,2600.0,1650.0,950.0,1057.8399897350303,1057.8399897350303,2243,2020-03-12 22:30:00,2020-03-12 22:30:00,2020-03-12 22:30:00,False,0.0,4047.61758316574,True,2989.77759343071
2020-03-12 23:00:00,2020-03-12 23:00:00,2020-03-12 23:05:00,5,persistence,persistence,1500.0,1500.0,1300.0,200.0,1300.0,1300.0,2273,2020-03-12 23:00:00,2020-03-12 23:00:00,2020-03-12 23:00:00,False,350.0,2250.0,True,950.0
2020-03-12 23:00:00,2020-03-12 23:00:00,2020-03-12 23:05:00,5,direct_ridge,direct_ridge,1500.0,1500.0,1300.0,200.0,1155.4506394369378,1155.4506394369378,2273,2020-03-12 23:00:00,2020-03-12 23:00:00,2020-03-12 23:00:00,False,0.0,4145.228232867648,True,2989.77759343071
2020-03-12 23:30:00,2020-03-12 23:30:00,2020-03-12 23:35:00,5,persistence,persistence,1700.0,1700.0,1350.0,350.0,1350.0,1350.0,2303,2020-03-12 23:30:00,2020-03-12 23:30:00,2020-03-12 23:30:00,False,400.0,2300.0,True,950.0
2020-03-12 23:30:00,2020-03-12 23:30:00,2020-03-12 23:35:00,5,direct_ridge,direct_ridge,1700.0,1700.0,1350.0,350.0,1618.8178365185431,1618.8178365185431,2303,2020-03-12 23:30:00,2020-03-12 23:30:00,2020-03-12 23:30:00,False,0.0,4608.595429949253,True,2989.77759343071
2020-03-13 00:00:00,2020-03-13 00:00:00,2020-03-13 00:05:00,5,persistence,persistence,1300.0,1300.0,1100.0,200.0,1100.0,1100.0,2333,2020-03-13 00:00:00,2020-03-13 00:00:00,2020-03-13 00:00:00,False,150.0,2050.0,True,950.0
2020-03-13 00:00:00,2020-03-13 00:00:00,2020-03-13 00:05:00,5,direct_ridge,direct_ridge,1300.0,1300.0,1100.0,200.0,843.8633978489145,843.8633978489145,2333,2020-03-13 00:00:00,2020-03-13 00:00:00,2020-03-13 00:00:00,False,0.0,3833.6409912796244,True,2989.77759343071
2020-03-13 00:30:00,2020-03-13 00:30:00,2020-03-13 00:35:00,5,persistence,persistence,500.0,500.0,100.0,400.0,100.0,100.0,2363,2020-03-13 00:30:00,2020-03-13 00:30:00,2020-03-13 00:30:00,False,0.0,600.0,True,500.0
2020-03-13 00:30:00,2020-03-13 00:30:00,2020-03-13 00:35:00,5,direct_ridge,direct_ridge,500.0,500.0,100.0,400.0,521.7194043314755,521.7194043314755,2363,2020-03-13 00:30:00,2020-03-13 00:30:00,2020-03-13 00:30:00,False,0.0,3017.960511012252,True,2496.2411066807763
2020-03-13 01:00:00,2020-03-13 01:00:00,2020-03-13 01:05:00,5,persistence,persistence,100.0,100.0,50.0,50.0,50.0,50.0,2393,2020-03-13 01:00:00,2020-03-13 01:00:00,2020-03-13 01:00:00,False,0.0,550.0,True,500.0
2020-03-13 01:00:00,2020-03-13 01:00:00,2020-03-13 01:05:00,5,direct_ridge,direct_ridge,100.0,100.0,50.0,50.0,137.75680850561457,137.75680850561457,2393,2020-03-13 01:00:00,2020-03-13 01:00:00,2020-03-13 01:00:00,False,0.0,2633.997915186391,True,2496.2411066807763
2020-03-13 01:30:00,2020-03-13 01:30:00,2020-03-13 01:35:00,5,persistence,persistence,275.0,275.0,200.0,75.0,200.0,200.0,2423,2020-03-13 01:30:00,2020-03-13 01:30:00,2020-03-13 01:30:00,False,0.0,700.0,True,500.0
2020-03-13 01:30:00,2020-03-13 01:30:00,2020-03-13 01:35:00,5,direct_ridge,direct_ridge,275.0,275.0,200.0,75.0,162.41504791562755,162.41504791562755,2423,2020-03-13 01:30:00,2020-03-13 01:30:00,2020-03-13 01:30:00,False,0.0,2658.6561545964037,True,2496.2411066807763
2020-03-13 02:00:00,2020-03-13 02:00:00,2020-03-13 02:05:00,5,persistence,persistence,50.0,50.0,50.0,0.0,50.0,50.0,2453,2020-03-13 02:00:00,2020-03-13 02:00:00,2020-03-13 02:00:00,False,0.0,550.0,True,500.0
2020-03-13 02:00:00,2020-03-13 02:00:00,2020-03-13 02:05:00,5,direct_ridge,direct_ridge,50.0,50.0,50.0,0.0,108.40244504072389,108.40244504072389,2453,2020-03-13 02:00:00,2020-03-13 02:00:00,2020-03-13 02:00:00,False,0.0,2604.6435517215,True,2496.2411066807763
2020-03-13 02:30:00,2020-03-13 02:30:00,2020-03-13 02:35:00,5,persistence,persistence,50.0,50.0,100.0,-50.0,100.0,100.0,2483,2020-03-13 02:30:00,2020-03-13 02:30:00,2020-03-13 02:30:00,False,0.0,600.0,True,500.0
2020-03-13 02:30:00,2020-03-13 02:30:00,2020-03-13 02:35:00,5,direct_ridge,direct_ridge,50.0,50.0,100.0,-50.0,86.11355020121445,86.11355020121445,2483,2020-03-13 02:30:00,2020-03-13 02:30:00,2020-03-13 02:30:00,False,0.0,2582.3546568819906,True,2496.2411066807763
2020-03-13 03:00:00,2020-03-13 03:00:00,2020-03-13 03:05:00,5,persistence,persistence,50.0,50.0,50.0,0.0,50.0,50.0,2513,2020-03-13 03:00:00,2020-03-13 03:00:00,2020-03-13 03:00:00,False,0.0,450.0,True,400.0
2020-03-13 03:00:00,2020-03-13 03:00:00,2020-03-13 03:05:00,5,direct_ridge,direct_ridge,50.0,50.0,50.0,0.0,99.52658968935228,99.52658968935228,2513,2020-03-13 03:00:00,2020-03-13 03:00:00,2020-03-13 03:00:00,False,0.0,2556.848158702761,True,2457.3215690134084
2020-03-13 03:30:00,2020-03-13 03:30:00,2020-03-13 03:35:00,5,persistence,persistence,50.0,50.0,50.0,0.0,50.0,50.0,2543,2020-03-13 03:30:00,2020-03-13 03:30:00,2020-03-13 03:30:00,False,0.0,450.0,True,400.0
2020-03-13 03:30:00,2020-03-13 03:30:00,2020-03-13 03:35:00,5,direct_ridge,direct_ridge,50.0,50.0,50.0,0.0,198.38263722046716,198.38263722046716,2543,2020-03-13 03:30:00,2020-03-13 03:30:00,2020-03-13 03:30:00,False,0.0,2655.7042062338755,True,2457.3215690134084
2020-03-13 04:00:00,2020-03-13 04:00:00,2020-03-13 04:05:00,5,persistence,persistence,50.0,50.0,50.0,0.0,50.0,50.0,2573,2020-03-13 04:00:00,2020-03-13 04:00:00,2020-03-13 04:00:00,False,0.0,450.0,True,400.0
2020-03-13 04:00:00,2020-03-13 04:00:00,2020-03-13 04:05:00,5,direct_ridge,direct_ridge,50.0,50.0,50.0,0.0,75.23097493544826,75.23097493544826,2573,2020-03-13 04:00:00,2020-03-13 04:00:00,2020-03-13 04:00:00,False,0.0,2532.5525439488565,True,2457.3215690134084
2020-03-13 04:30:00,2020-03-13 04:30:00,2020-03-13 04:35:00,5,persistence,persistence,50.0,50.0,50.0,0.0,50.0,50.0,2603,2020-03-13 04:30:00,2020-03-13 04:30:00,2020-03-13 04:30:00,False,0.0,450.0,True,400.0
2020-03-13 04:30:00,2020-03-13 04:30:00,2020-03-13 04:35:00,5,direct_ridge,direct_ridge,50.0,50.0,50.0,0.0,85.41535452994755,85.41535452994755,2603,2020-03-13 04:30:00,2020-03-13 04:30:00,2020-03-13 04:30:00,False,0.0,2542.736923543356,True,2457.3215690134084
2020-03-13 05:00:00,2020-03-13 05:00:00,2020-03-13 05:05:00,5,persistence,persistence,0.0,0.0,50.0,-50.0,50.0,50.0,2633,2020-03-13 05:00:00,2020-03-13 05:00:00,2020-03-13 05:00:00,False,0.0,450.0,True,400.0
2020-03-13 05:00:00,2020-03-13 05:00:00,2020-03-13 05:05:00,5,direct_ridge,direct_ridge,0.0,0.0,50.0,-50.0,55.33387096043751,55.33387096043751,2633,2020-03-13 05:00:00,2020-03-13 05:00:00,2020-03-13 05:00:00,False,0.0,2512.655439973846,True,2457.3215690134084
2020-03-13 05:30:00,2020-03-13 05:30:00,2020-03-13 05:35:00,5,persistence,persistence,50.0,50.0,50.0,0.0,50.0,50.0,2663,2020-03-13 05:30:00,2020-03-13 05:30:00,2020-03-13 05:30:00,False,0.0,450.0,True,400.0
2020-03-13 05:30:00,2020-03-13 05:30:00,2020-03-13 05:35:00,5,direct_ridge,direct_ridge,50.0,50.0,50.0,0.0,51.77549311505592,51.77549311505592,2663,2020-03-13 05:30:00,2020-03-13 05:30:00,2020-03-13 05:30:00,False,0.0,2465.9772520870747,True,2414.201758972019
2020-03-13 06:00:00,2020-03-13 06:00:00,2020-03-13 06:05:00,5,persistence,persistence,50.0,50.0,50.0,0.0,50.0,50.0,2693,2020-03-13 06:00:00,2020-03-13 06:00:00,2020-03-13 06:00:00,False,0.0,450.0,True,400.0
2020-03-13 06:00:00,2020-03-13 06:00:00,2020-03-13 06:05:00,5,direct_ridge,direct_ridge,50.0,50.0,50.0,0.0,60.227114288010334,60.227114288010334,2693,2020-03-13 06:00:00,2020-03-13 06:00:00,2020-03-13 06:00:00,False,0.0,2474.4288732600294,True,2414.201758972019
2020-03-13 06:30:00,2020-03-13 06:30:00,2020-03-13 06:35:00,5,persistence,persistence,50.0,50.0,50.0,0.0,50.0,50.0,2723,2020-03-13 06:30:00,2020-03-13 06:30:00,2020-03-13 06:30:00,False,0.0,450.0,True,400.0
2020-03-13 06:30:00,2020-03-13 06:30:00,2020-03-13 06:35:00,5,direct_ridge,direct_ridge,50.0,50.0,50.0,0.0,69.09372576326479,69.09372576326479,2723,2020-03-13 06:30:00,2020-03-13 06:30:00,2020-03-13 06:30:00,False,0.0,2483.295484735284,True,2414.201758972019
2020-03-13 07:00:00,2020-03-13 07:00:00,2020-03-13 07:05:00,5,persistence,persistence,50.0,50.0,50.0,0.0,50.0,50.0,2753,2020-03-13 07:00:00,2020-03-13 07:00:00,2020-03-13 07:00:00,False,0.0,450.0,True,400.0
2020-03-13 07:00:00,2020-03-13 07:00:00,2020-03-13 07:05:00,5,direct_ridge,direct_ridge,50.0,50.0,50.0,0.0,79.49803375734882,79.49803375734882,2753,2020-03-13 07:00:00,2020-03-13 07:00:00,2020-03-13 07:00:00,False,0.0,2493.699792729368,True,2414.201758972019
2020-03-12 10:00:00,2020-03-12 10:00:00,2020-03-12 10:15:00,15,persistence,persistence,4900.0,4900.0,4300.0,600.0,4300.0,4300.0,1473,2020-03-12 10:00:00,2020-03-12 10:00:00,2020-03-12 10:00:00,False,,,,
2020-03-12 10:00:00,2020-03-12 10:00:00,2020-03-12 10:15:00,15,direct_ridge,direct_ridge,4900.0,4900.0,4300.0,600.0,2093.6286019019517,2093.6286019019517,1473,2020-03-12 10:00:00,2020-03-12 10:00:00,2020-03-12 10:00:00,False,,,,
2020-03-12 10:30:00,2020-03-12 10:30:00,2020-03-12 10:45:00,15,persistence,persistence,5500.0,5500.0,5000.0,500.0,5000.0,5000.0,1503,2020-03-12 10:30:00,2020-03-12 10:30:00,2020-03-12 10:30:00,False,,,,
2020-03-12 10:30:00,2020-03-12 10:30:00,2020-03-12 10:45:00,15,direct_ridge,direct_ridge,5500.0,5500.0,5000.0,500.0,2682.318441828608,2682.318441828608,1503,2020-03-12 10:30:00,2020-03-12 10:30:00,2020-03-12 10:30:00,False,,,,
2020-03-12 11:00:00,2020-03-12 11:00:00,2020-03-12 11:15:00,15,persistence,persistence,9000.0,9000.0,6000.0,3000.0,6000.0,6000.0,1533,2020-03-12 11:00:00,2020-03-12 11:00:00,2020-03-12 11:00:00,False,,,,
2020-03-12 11:00:00,2020-03-12 11:00:00,2020-03-12 11:15:00,15,direct_ridge,direct_ridge,9000.0,9000.0,6000.0,3000.0,4492.802955477164,4492.802955477164,1533,2020-03-12 11:00:00,2020-03-12 11:00:00,2020-03-12 11:00:00,False,,,,
2020-03-12 11:30:00,2020-03-12 11:30:00,2020-03-12 11:45:00,15,persistence,persistence,8500.0,8500.0,8000.0,500.0,8000.0,8000.0,1563,2020-03-12 11:30:00,2020-03-12 11:30:00,2020-03-12 11:30:00,False,,,,
2020-03-12 11:30:00,2020-03-12 11:30:00,2020-03-12 11:45:00,15,direct_ridge,direct_ridge,8500.0,8500.0,8000.0,500.0,10000.0,10000.0,1563,2020-03-12 11:30:00,2020-03-12 11:30:00,2020-03-12 11:30:00,False,,,,
2020-03-12 12:00:00,2020-03-12 12:00:00,2020-03-12 12:15:00,15,persistence,persistence,8000.0,8000.0,8000.0,0.0,8000.0,8000.0,1593,2020-03-12 12:00:00,2020-03-12 12:00:00,2020-03-12 12:00:00,False,,,,
2020-03-12 12:00:00,2020-03-12 12:00:00,2020-03-12 12:15:00,15,direct_ridge,direct_ridge,8000.0,8000.0,8000.0,0.0,10000.0,10000.0,1593,2020-03-12 12:00:00,2020-03-12 12:00:00,2020-03-12 12:00:00,False,,,,
2020-03-12 12:30:00,2020-03-12 12:30:00,2020-03-12 12:45:00,15,persistence,persistence,7000.0,7000.0,8000.0,-1000.0,8000.0,8000.0,1623,2020-03-12 12:30:00,2020-03-12 12:30:00,2020-03-12 12:30:00,False,,,,
2020-03-12 12:30:00,2020-03-12 12:30:00,2020-03-12 12:45:00,15,direct_ridge,direct_ridge,7000.0,7000.0,8000.0,-1000.0,10000.0,10000.0,1623,2020-03-12 12:30:00,2020-03-12 12:30:00,2020-03-12 12:30:00,False,,,,
2020-03-12 13:00:00,2020-03-12 13:00:00,2020-03-12 13:15:00,15,persistence,persistence,10000.0,10000.0,10000.0,0.0,10000.0,10000.0,1653,2020-03-12 13:00:00,2020-03-12 13:00:00,2020-03-12 13:00:00,False,,,,
2020-03-12 13:00:00,2020-03-12 13:00:00,2020-03-12 13:15:00,15,direct_ridge,direct_ridge,10000.0,10000.0,10000.0,0.0,10000.0,10000.0,1653,2020-03-12 13:00:00,2020-03-12 13:00:00,2020-03-12 13:00:00,False,,,,
2020-03-12 13:30:00,2020-03-12 13:30:00,2020-03-12 13:45:00,15,persistence,persistence,10000.0,10000.0,10000.0,0.0,10000.0,10000.0,1683,2020-03-12 13:30:00,2020-03-12 13:30:00,2020-03-12 13:30:00,False,,,,
2020-03-12 13:30:00,2020-03-12 13:30:00,2020-03-12 13:45:00,15,direct_ridge,direct_ridge,10000.0,10000.0,10000.0,0.0,10000.0,10000.0,1683,2020-03-12 13:30:00,2020-03-12 13:30:00,2020-03-12 13:30:00,False,,,,
2020-03-12 14:00:00,2020-03-12 14:00:00,2020-03-12 14:15:00,15,persistence,persistence,10000.0,10000.0,10000.0,0.0,10000.0,10000.0,1713,2020-03-12 14:00:00,2020-03-12 14:00:00,2020-03-12 14:00:00,False,,,,
2020-03-12 14:00:00,2020-03-12 14:00:00,2020-03-12 14:15:00,15,direct_ridge,direct_ridge,10000.0,10000.0,10000.0,0.0,10000.0,10000.0,1713,2020-03-12 14:00:00,2020-03-12 14:00:00,2020-03-12 14:00:00,False,,,,
2020-03-12 14:30:00,2020-03-12 14:30:00,2020-03-12 14:45:00,15,persistence,persistence,10000.0,10000.0,10000.0,0.0,10000.0,10000.0,1743,2020-03-12 14:30:00,2020-03-12 14:30:00,2020-03-12 14:30:00,False,,,,
2020-03-12 14:30:00,2020-03-12 14:30:00,2020-03-12 14:45:00,15,direct_ridge,direct_ridge,10000.0,10000.0,10000.0,0.0,10000.0,10000.0,1743,2020-03-12 14:30:00,2020-03-12 14:30:00,2020-03-12 14:30:00,False,,,,
2020-03-12 15:00:00,2020-03-12 15:00:00,2020-03-12 15:15:00,15,persistence,persistence,10000.0,10000.0,10000.0,0.0,10000.0,10000.0,1773,2020-03-12 15:00:00,2020-03-12 15:00:00,2020-03-12 15:00:00,False,7000.0,13000.0,True,3000.0
2020-03-12 15:00:00,2020-03-12 15:00:00,2020-03-12 15:15:00,15,direct_ridge,direct_ridge,10000.0,10000.0,10000.0,0.0,9932.990757101337,9932.990757101337,1773,2020-03-12 15:00:00,2020-03-12 15:00:00,2020-03-12 15:00:00,False,5425.793712578501,14440.187801624174,True,4507.197044522836
2020-03-12 15:30:00,2020-03-12 15:30:00,2020-03-12 15:45:00,15,persistence,persistence,10000.0,10000.0,10000.0,0.0,10000.0,10000.0,1803,2020-03-12 15:30:00,2020-03-12 15:30:00,2020-03-12 15:30:00,False,7000.0,13000.0,True,3000.0
2020-03-12 15:30:00,2020-03-12 15:30:00,2020-03-12 15:45:00,15,direct_ridge,direct_ridge,10000.0,10000.0,10000.0,0.0,8230.221535291026,8230.221535291026,1803,2020-03-12 15:30:00,2020-03-12 15:30:00,2020-03-12 15:30:00,False,3723.02449076819,12737.418579813862,True,4507.197044522836
2020-03-12 16:00:00,2020-03-12 16:00:00,2020-03-12 16:15:00,15,persistence,persistence,10000.0,10000.0,10000.0,0.0,10000.0,10000.0,1833,2020-03-12 16:00:00,2020-03-12 16:00:00,2020-03-12 16:00:00,False,7000.0,13000.0,True,3000.0
2020-03-12 16:00:00,2020-03-12 16:00:00,2020-03-12 16:15:00,15,direct_ridge,direct_ridge,10000.0,10000.0,10000.0,0.0,8247.636870591323,8247.636870591323,1833,2020-03-12 16:00:00,2020-03-12 16:00:00,2020-03-12 16:00:00,False,3740.4398260684866,12754.833915114159,True,4507.197044522836
2020-03-12 16:30:00,2020-03-12 16:30:00,2020-03-12 16:45:00,15,persistence,persistence,4750.0,4750.0,10000.0,-5250.0,10000.0,10000.0,1863,2020-03-12 16:30:00,2020-03-12 16:30:00,2020-03-12 16:30:00,False,7000.0,13000.0,False,3000.0
2020-03-12 16:30:00,2020-03-12 16:30:00,2020-03-12 16:45:00,15,direct_ridge,direct_ridge,4750.0,4750.0,10000.0,-5250.0,10000.0,10000.0,1863,2020-03-12 16:30:00,2020-03-12 16:30:00,2020-03-12 16:30:00,False,5492.802955477164,14507.197044522836,False,4507.197044522836
2020-03-12 17:00:00,2020-03-12 17:00:00,2020-03-12 17:15:00,15,persistence,persistence,4700.0,4700.0,4600.0,100.0,4600.0,4600.0,1893,2020-03-12 17:00:00,2020-03-12 17:00:00,2020-03-12 17:00:00,False,1600.0,7600.0,True,3000.0
2020-03-12 17:00:00,2020-03-12 17:00:00,2020-03-12 17:15:00,15,direct_ridge,direct_ridge,4700.0,4700.0,4600.0,100.0,1501.61412959994,1501.61412959994,1893,2020-03-12 17:00:00,2020-03-12 17:00:00,2020-03-12 17:00:00,False,0.0,6008.811174122777,True,4507.197044522836
2020-03-12 17:30:00,2020-03-12 17:30:00,2020-03-12 17:45:00,15,persistence,persistence,4500.0,4500.0,4600.0,-100.0,4600.0,4600.0,1923,2020-03-12 17:30:00,2020-03-12 17:30:00,2020-03-12 17:30:00,False,1600.0,7600.0,True,3000.0
2020-03-12 17:30:00,2020-03-12 17:30:00,2020-03-12 17:45:00,15,direct_ridge,direct_ridge,4500.0,4500.0,4600.0,-100.0,1561.0982583005002,1561.0982583005002,1923,2020-03-12 17:30:00,2020-03-12 17:30:00,2020-03-12 17:30:00,False,0.0,6068.295302823337,True,4507.197044522836
2020-03-12 18:00:00,2020-03-12 18:00:00,2020-03-12 18:15:00,15,persistence,persistence,4000.0,4000.0,4200.0,-200.0,4200.0,4200.0,1953,2020-03-12 18:00:00,2020-03-12 18:00:00,2020-03-12 18:00:00,False,1200.0,7200.0,True,3000.0
2020-03-12 18:00:00,2020-03-12 18:00:00,2020-03-12 18:15:00,15,direct_ridge,direct_ridge,4000.0,4000.0,4200.0,-200.0,1529.5707419529563,1529.5707419529563,1953,2020-03-12 18:00:00,2020-03-12 18:00:00,2020-03-12 18:00:00,False,0.0,6036.7677864757925,True,4507.197044522836
2020-03-12 18:30:00,2020-03-12 18:30:00,2020-03-12 18:45:00,15,persistence,persistence,3500.0,3500.0,3600.0,-100.0,3600.0,3600.0,1983,2020-03-12 18:30:00,2020-03-12 18:30:00,2020-03-12 18:30:00,False,600.0,6600.0,True,3000.0
2020-03-12 18:30:00,2020-03-12 18:30:00,2020-03-12 18:45:00,15,direct_ridge,direct_ridge,3500.0,3500.0,3600.0,-100.0,1586.1588310862408,1586.1588310862408,1983,2020-03-12 18:30:00,2020-03-12 18:30:00,2020-03-12 18:30:00,False,0.0,6093.355875609077,True,4507.197044522836
2020-03-12 19:00:00,2020-03-12 19:00:00,2020-03-12 19:15:00,15,persistence,persistence,3300.0,3300.0,3200.0,100.0,3200.0,3200.0,2013,2020-03-12 19:00:00,2020-03-12 19:00:00,2020-03-12 19:00:00,False,200.0,6200.0,True,3000.0
2020-03-12 19:00:00,2020-03-12 19:00:00,2020-03-12 19:15:00,15,direct_ridge,direct_ridge,3300.0,3300.0,3200.0,100.0,1906.545557373457,1906.545557373457,2013,2020-03-12 19:00:00,2020-03-12 19:00:00,2020-03-12 19:00:00,False,0.0,6413.742601896293,True,4507.197044522836
2020-03-12 19:30:00,2020-03-12 19:30:00,2020-03-12 19:45:00,15,persistence,persistence,3000.0,3000.0,3300.0,-300.0,3300.0,3300.0,2043,2020-03-12 19:30:00,2020-03-12 19:30:00,2020-03-12 19:30:00,False,2300.0,4300.0,True,1000.0
2020-03-12 19:30:00,2020-03-12 19:30:00,2020-03-12 19:45:00,15,direct_ridge,direct_ridge,3000.0,3000.0,3300.0,-300.0,1596.9192682423895,1596.9192682423895,2043,2020-03-12 19:30:00,2020-03-12 19:30:00,2020-03-12 19:30:00,False,0.0,4795.3051386424495,True,3198.38587040006
2020-03-12 20:00:00,2020-03-12 20:00:00,2020-03-12 20:15:00,15,persistence,persistence,2700.0,2700.0,2850.0,-150.0,2850.0,2850.0,2073,2020-03-12 20:00:00,2020-03-12 20:00:00,2020-03-12 20:00:00,False,1850.0,3850.0,True,1000.0
2020-03-12 20:00:00,2020-03-12 20:00:00,2020-03-12 20:15:00,15,direct_ridge,direct_ridge,2700.0,2700.0,2850.0,-150.0,838.8151817994369,838.8151817994369,2073,2020-03-12 20:00:00,2020-03-12 20:00:00,2020-03-12 20:00:00,False,0.0,4037.201052199497,True,3198.38587040006
2020-03-12 20:30:00,2020-03-12 20:30:00,2020-03-12 20:45:00,15,persistence,persistence,3000.0,3000.0,3000.0,0.0,3000.0,3000.0,2103,2020-03-12 20:30:00,2020-03-12 20:30:00,2020-03-12 20:30:00,False,2000.0,4000.0,True,1000.0
2020-03-12 20:30:00,2020-03-12 20:30:00,2020-03-12 20:45:00,15,direct_ridge,direct_ridge,3000.0,3000.0,3000.0,0.0,1835.2658200373262,1835.2658200373262,2103,2020-03-12 20:30:00,2020-03-12 20:30:00,2020-03-12 20:30:00,False,0.0,5033.651690437386,True,3198.38587040006
2020-03-12 21:00:00,2020-03-12 21:00:00,2020-03-12 21:15:00,15,persistence,persistence,3050.0,3050.0,3500.0,-450.0,3500.0,3500.0,2133,2020-03-12 21:00:00,2020-03-12 21:00:00,2020-03-12 21:00:00,False,2500.0,4500.0,True,1000.0
2020-03-12 21:00:00,2020-03-12 21:00:00,2020-03-12 21:15:00,15,direct_ridge,direct_ridge,3050.0,3050.0,3500.0,-450.0,3234.4530864750136,3234.4530864750136,2133,2020-03-12 21:00:00,2020-03-12 21:00:00,2020-03-12 21:00:00,False,36.06721607495365,6432.838956875074,True,3198.38587040006
2020-03-12 21:30:00,2020-03-12 21:30:00,2020-03-12 21:45:00,15,persistence,persistence,1750.0,1750.0,2700.0,-950.0,2700.0,2700.0,2163,2020-03-12 21:30:00,2020-03-12 21:30:00,2020-03-12 21:30:00,False,1700.0,3700.0,True,1000.0
2020-03-12 21:30:00,2020-03-12 21:30:00,2020-03-12 21:45:00,15,direct_ridge,direct_ridge,1750.0,1750.0,2700.0,-950.0,2330.850730477926,2330.850730477926,2163,2020-03-12 21:30:00,2020-03-12 21:30:00,2020-03-12 21:30:00,False,0.0,5529.236600877986,True,3198.38587040006
2020-03-12 22:00:00,2020-03-12 22:00:00,2020-03-12 22:15:00,15,persistence,persistence,3100.0,3100.0,2700.0,400.0,2700.0,2700.0,2193,2020-03-12 22:00:00,2020-03-12 22:00:00,2020-03-12 22:00:00,False,1750.0,3650.0,True,950.0
2020-03-12 22:00:00,2020-03-12 22:00:00,2020-03-12 22:15:00,15,direct_ridge,direct_ridge,3100.0,3100.0,2700.0,400.0,1949.0570800457758,1949.0570800457758,2193,2020-03-12 22:00:00,2020-03-12 22:00:00,2020-03-12 22:00:00,False,0.0,4949.057080045775,True,3000.0
2020-03-12 22:30:00,2020-03-12 22:30:00,2020-03-12 22:45:00,15,persistence,persistence,2250.0,2250.0,1650.0,600.0,1650.0,1650.0,2223,2020-03-12 22:30:00,2020-03-12 22:30:00,2020-03-12 22:30:00,False,700.0,2600.0,True,950.0
2020-03-12 22:30:00,2020-03-12 22:30:00,2020-03-12 22:45:00,15,direct_ridge,direct_ridge,2250.0,2250.0,1650.0,600.0,922.311793425222,922.311793425222,2223,2020-03-12 22:30:00,2020-03-12 22:30:00,2020-03-12 22:30:00,False,0.0,3922.3117934252223,True,3000.0
2020-03-12 23:00:00,2020-03-12 23:00:00,2020-03-12 23:15:00,15,persistence,persistence,1700.0,1700.0,1300.0,400.0,1300.0,1300.0,2253,2020-03-12 23:00:00,2020-03-12 23:00:00,2020-03-12 23:00:00,False,350.0,2250.0,True,950.0
2020-03-12 23:00:00,2020-03-12 23:00:00,2020-03-12 23:15:00,15,direct_ridge,direct_ridge,1700.0,1700.0,1300.0,400.0,1111.2662148826596,1111.2662148826596,2253,2020-03-12 23:00:00,2020-03-12 23:00:00,2020-03-12 23:00:00,False,0.0,4111.266214882659,True,3000.0
2020-03-12 23:30:00,2020-03-12 23:30:00,2020-03-12 23:45:00,15,persistence,persistence,1200.0,1200.0,1350.0,-150.0,1350.0,1350.0,2283,2020-03-12 23:30:00,2020-03-12 23:30:00,2020-03-12 23:30:00,False,400.0,2300.0,True,950.0
2020-03-12 23:30:00,2020-03-12 23:30:00,2020-03-12 23:45:00,15,direct_ridge,direct_ridge,1200.0,1200.0,1350.0,-150.0,1723.7790768277448,1723.7790768277448,2283,2020-03-12 23:30:00,2020-03-12 23:30:00,2020-03-12 23:30:00,False,0.0,4723.779076827745,True,3000.0
2020-03-13 00:00:00,2020-03-13 00:00:00,2020-03-13 00:15:00,15,persistence,persistence,900.0,900.0,1100.0,-200.0,1100.0,1100.0,2313,2020-03-13 00:00:00,2020-03-13 00:00:00,2020-03-13 00:00:00,False,150.0,2050.0,True,950.0
2020-03-13 00:00:00,2020-03-13 00:00:00,2020-03-13 00:15:00,15,direct_ridge,direct_ridge,900.0,900.0,1100.0,-200.0,869.9157840137163,869.9157840137163,2313,2020-03-13 00:00:00,2020-03-13 00:00:00,2020-03-13 00:00:00,False,0.0,3869.9157840137163,True,3000.0
2020-03-13 00:30:00,2020-03-13 00:30:00,2020-03-13 00:45:00,15,persistence,persistence,100.0,100.0,100.0,0.0,100.0,100.0,2343,2020-03-13 00:30:00,2020-03-13 00:30:00,2020-03-13 00:30:00,False,0.0,700.0,True,600.0
2020-03-13 00:30:00,2020-03-13 00:30:00,2020-03-13 00:45:00,15,direct_ridge,direct_ridge,100.0,100.0,100.0,0.0,604.4836262600761,604.4836262600761,2343,2020-03-13 00:30:00,2020-03-13 00:30:00,2020-03-13 00:30:00,False,0.0,3543.385367959576,True,2938.9017416995
2020-03-13 01:00:00,2020-03-13 01:00:00,2020-03-13 01:15:00,15,persistence,persistence,450.0,450.0,50.0,400.0,50.0,50.0,2373,2020-03-13 01:00:00,2020-03-13 01:00:00,2020-03-13 01:00:00,False,0.0,650.0,True,600.0
2020-03-13 01:00:00,2020-03-13 01:00:00,2020-03-13 01:15:00,15,direct_ridge,direct_ridge,450.0,450.0,50.0,400.0,123.30056440385681,123.30056440385681,2373,2020-03-13 01:00:00,2020-03-13 01:00:00,2020-03-13 01:00:00,False,0.0,3062.2023061033565,True,2938.9017416995
2020-03-13 01:30:00,2020-03-13 01:30:00,2020-03-13 01:45:00,15,persistence,persistence,200.0,200.0,200.0,0.0,200.0,200.0,2403,2020-03-13 01:30:00,2020-03-13 01:30:00,2020-03-13 01:30:00,False,0.0,800.0,True,600.0
2020-03-13 01:30:00,2020-03-13 01:30:00,2020-03-13 01:45:00,15,direct_ridge,direct_ridge,200.0,200.0,200.0,0.0,172.93071686354887,172.93071686354887,2403,2020-03-13 01:30:00,2020-03-13 01:30:00,2020-03-13 01:30:00,False,0.0,3111.8324585630485,True,2938.9017416995
2020-03-13 02:00:00,2020-03-13 02:00:00,2020-03-13 02:15:00,15,persistence,persistence,50.0,50.0,50.0,0.0,50.0,50.0,2433,2020-03-13 02:00:00,2020-03-13 02:00:00,2020-03-13 02:00:00,False,0.0,650.0,True,600.0
2020-03-13 02:00:00,2020-03-13 02:00:00,2020-03-13 02:15:00,15,direct_ridge,direct_ridge,50.0,50.0,50.0,0.0,109.47595634687457,109.47595634687457,2433,2020-03-13 02:00:00,2020-03-13 02:00:00,2020-03-13 02:00:00,False,0.0,3048.3776980463745,True,2938.9017416995
2020-03-13 02:30:00,2020-03-13 02:30:00,2020-03-13 02:45:00,15,persistence,persistence,50.0,50.0,100.0,-50.0,100.0,100.0,2463,2020-03-13 02:30:00,2020-03-13 02:30:00,2020-03-13 02:30:00,False,0.0,700.0,True,600.0
2020-03-13 02:30:00,2020-03-13 02:30:00,2020-03-13 02:45:00,15,direct_ridge,direct_ridge,50.0,50.0,100.0,-50.0,83.14450873613629,83.14450873613629,2463,2020-03-13 02:30:00,2020-03-13 02:30:00,2020-03-13 02:30:00,False,0.0,3022.046250435636,True,2938.9017416995
2020-03-13 03:00:00,2020-03-13 03:00:00,2020-03-13 03:15:00,15,persistence,persistence,50.0,50.0,50.0,0.0,50.0,50.0,2493,2020-03-13 03:00:00,2020-03-13 03:00:00,2020-03-13 03:00:00,False,0.0,650.0,True,600.0
2020-03-13 03:00:00,2020-03-13 03:00:00,2020-03-13 03:15:00,15,direct_ridge,direct_ridge,50.0,50.0,50.0,0.0,91.52369274687162,91.52369274687162,2493,2020-03-13 03:00:00,2020-03-13 03:00:00,2020-03-13 03:00:00,False,0.0,2909.205250918264,True,2817.681558171392
2020-03-13 03:30:00,2020-03-13 03:30:00,2020-03-13 03:45:00,15,persistence,persistence,50.0,50.0,50.0,0.0,50.0,50.0,2523,2020-03-13 03:30:00,2020-03-13 03:30:00,2020-03-13 03:30:00,False,0.0,650.0,True,600.0
2020-03-13 03:30:00,2020-03-13 03:30:00,2020-03-13 03:45:00,15,direct_ridge,direct_ridge,50.0,50.0,50.0,0.0,189.6656688535679,189.6656688535679,2523,2020-03-13 03:30:00,2020-03-13 03:30:00,2020-03-13 03:30:00,False,0.0,3007.34722702496,True,2817.681558171392
2020-03-13 04:00:00,2020-03-13 04:00:00,2020-03-13 04:15:00,15,persistence,persistence,50.0,50.0,50.0,0.0,50.0,50.0,2553,2020-03-13 04:00:00,2020-03-13 04:00:00,2020-03-13 04:00:00,False,0.0,650.0,True,600.0
2020-03-13 04:00:00,2020-03-13 04:00:00,2020-03-13 04:15:00,15,direct_ridge,direct_ridge,50.0,50.0,50.0,0.0,71.92271837229725,71.92271837229725,2553,2020-03-13 04:00:00,2020-03-13 04:00:00,2020-03-13 04:00:00,False,0.0,2889.6042765436896,True,2817.681558171392
2020-03-13 04:30:00,2020-03-13 04:30:00,2020-03-13 04:45:00,15,persistence,persistence,50.0,50.0,50.0,0.0,50.0,50.0,2583,2020-03-13 04:30:00,2020-03-13 04:30:00,2020-03-13 04:30:00,False,0.0,650.0,True,600.0
2020-03-13 04:30:00,2020-03-13 04:30:00,2020-03-13 04:45:00,15,direct_ridge,direct_ridge,50.0,50.0,50.0,0.0,83.83596684509035,83.83596684509035,2583,2020-03-13 04:30:00,2020-03-13 04:30:00,2020-03-13 04:30:00,False,0.0,2901.5175250164825,True,2817.681558171392
2020-03-13 05:00:00,2020-03-13 05:00:00,2020-03-13 05:15:00,15,persistence,persistence,50.0,50.0,50.0,0.0,50.0,50.0,2613,2020-03-13 05:00:00,2020-03-13 05:00:00,2020-03-13 05:00:00,False,0.0,650.0,True,600.0
2020-03-13 05:00:00,2020-03-13 05:00:00,2020-03-13 05:15:00,15,direct_ridge,direct_ridge,50.0,50.0,50.0,0.0,53.68306234722099,53.68306234722099,2613,2020-03-13 05:00:00,2020-03-13 05:00:00,2020-03-13 05:00:00,False,0.0,2871.3646205186133,True,2817.681558171392
2020-03-13 05:30:00,2020-03-13 05:30:00,2020-03-13 05:45:00,15,persistence,persistence,50.0,50.0,50.0,0.0,50.0,50.0,2643,2020-03-13 05:30:00,2020-03-13 05:30:00,2020-03-13 05:30:00,False,0.0,550.0,True,500.0
2020-03-13 05:30:00,2020-03-13 05:30:00,2020-03-13 05:45:00,15,direct_ridge,direct_ridge,50.0,50.0,50.0,0.0,51.193003344863975,51.193003344863975,2643,2020-03-13 05:30:00,2020-03-13 05:30:00,2020-03-13 05:30:00,False,0.0,2857.564401442912,True,2806.3713980980483
2020-03-13 06:00:00,2020-03-13 06:00:00,2020-03-13 06:15:00,15,persistence,persistence,50.0,50.0,50.0,0.0,50.0,50.0,2673,2020-03-13 06:00:00,2020-03-13 06:00:00,2020-03-13 06:00:00,False,0.0,550.0,True,500.0
2020-03-13 06:00:00,2020-03-13 06:00:00,2020-03-13 06:15:00,15,direct_ridge,direct_ridge,50.0,50.0,50.0,0.0,59.604649462803025,59.604649462803025,2673,2020-03-13 06:00:00,2020-03-13 06:00:00,2020-03-13 06:00:00,False,0.0,2865.9760475608514,True,2806.3713980980483
2020-03-13 06:30:00,2020-03-13 06:30:00,2020-03-13 06:45:00,15,persistence,persistence,50.0,50.0,50.0,0.0,50.0,50.0,2703,2020-03-13 06:30:00,2020-03-13 06:30:00,2020-03-13 06:30:00,False,0.0,550.0,True,500.0
2020-03-13 06:30:00,2020-03-13 06:30:00,2020-03-13 06:45:00,15,direct_ridge,direct_ridge,50.0,50.0,50.0,0.0,69.8500078039598,69.8500078039598,2703,2020-03-13 06:30:00,2020-03-13 06:30:00,2020-03-13 06:30:00,False,0.0,2876.221405902008,True,2806.3713980980483
2020-03-13 07:00:00,2020-03-13 07:00:00,2020-03-13 07:15:00,15,persistence,persistence,50.0,50.0,50.0,0.0,50.0,50.0,2733,2020-03-13 07:00:00,2020-03-13 07:00:00,2020-03-13 07:00:00,False,0.0,550.0,True,500.0
2020-03-13 07:00:00,2020-03-13 07:00:00,2020-03-13 07:15:00,15,direct_ridge,direct_ridge,50.0,50.0,50.0,0.0,84.5073809346422,84.5073809346422,2733,2020-03-13 07:00:00,2020-03-13 07:00:00,2020-03-13 07:00:00,False,0.0,2890.8787790326905,True,2806.3713980980483
2020-03-12 10:00:00,2020-03-12 10:00:00,2020-03-12 10:30:00,30,persistence,persistence,5000.0,5000.0,4300.0,700.0,4300.0,4300.0,1443,2020-03-12 10:00:00,2020-03-12 10:00:00,2020-03-12 10:00:00,False,,,,
2020-03-12 10:00:00,2020-03-12 10:00:00,2020-03-12 10:30:00,30,direct_ridge,direct_ridge,5000.0,5000.0,4300.0,700.0,1821.253308018646,1821.253308018646,1443,2020-03-12 10:00:00,2020-03-12 10:00:00,2020-03-12 10:00:00,False,,,,
2020-03-12 10:30:00,2020-03-12 10:30:00,2020-03-12 11:00:00,30,persistence,persistence,6000.0,6000.0,5000.0,1000.0,5000.0,5000.0,1473,2020-03-12 10:30:00,2020-03-12 10:30:00,2020-03-12 10:30:00,False,,,,
2020-03-12 10:30:00,2020-03-12 10:30:00,2020-03-12 11:00:00,30,direct_ridge,direct_ridge,6000.0,6000.0,5000.0,1000.0,2474.6422402100775,2474.6422402100775,1473,2020-03-12 10:30:00,2020-03-12 10:30:00,2020-03-12 10:30:00,False,,,,
2020-03-12 11:00:00,2020-03-12 11:00:00,2020-03-12 11:30:00,30,persistence,persistence,8000.0,8000.0,6000.0,2000.0,6000.0,6000.0,1503,2020-03-12 11:00:00,2020-03-12 11:00:00,2020-03-12 11:00:00,False,,,,
2020-03-12 11:00:00,2020-03-12 11:00:00,2020-03-12 11:30:00,30,direct_ridge,direct_ridge,8000.0,8000.0,6000.0,2000.0,3554.2334773969187,3554.2334773969187,1503,2020-03-12 11:00:00,2020-03-12 11:00:00,2020-03-12 11:00:00,False,,,,
2020-03-12 11:30:00,2020-03-12 11:30:00,2020-03-12 12:00:00,30,persistence,persistence,8000.0,8000.0,8000.0,0.0,8000.0,8000.0,1533,2020-03-12 11:30:00,2020-03-12 11:30:00,2020-03-12 11:30:00,False,,,,
2020-03-12 11:30:00,2020-03-12 11:30:00,2020-03-12 12:00:00,30,direct_ridge,direct_ridge,8000.0,8000.0,8000.0,0.0,10000.0,10000.0,1533,2020-03-12 11:30:00,2020-03-12 11:30:00,2020-03-12 11:30:00,False,,,,
2020-03-12 12:00:00,2020-03-12 12:00:00,2020-03-12 12:30:00,30,persistence,persistence,8000.0,8000.0,8000.0,0.0,8000.0,8000.0,1563,2020-03-12 12:00:00,2020-03-12 12:00:00,2020-03-12 12:00:00,False,,,,
2020-03-12 12:00:00,2020-03-12 12:00:00,2020-03-12 12:30:00,30,direct_ridge,direct_ridge,8000.0,8000.0,8000.0,0.0,10000.0,10000.0,1563,2020-03-12 12:00:00,2020-03-12 12:00:00,2020-03-12 12:00:00,False,,,,
2020-03-12 12:30:00,2020-03-12 12:30:00,2020-03-12 13:00:00,30,persistence,persistence,10000.0,10000.0,8000.0,2000.0,8000.0,8000.0,1593,2020-03-12 12:30:00,2020-03-12 12:30:00,2020-03-12 12:30:00,False,,,,
2020-03-12 12:30:00,2020-03-12 12:30:00,2020-03-12 13:00:00,30,direct_ridge,direct_ridge,10000.0,10000.0,8000.0,2000.0,10000.0,10000.0,1593,2020-03-12 12:30:00,2020-03-12 12:30:00,2020-03-12 12:30:00,False,,,,
2020-03-12 13:00:00,2020-03-12 13:00:00,2020-03-12 13:30:00,30,persistence,persistence,10000.0,10000.0,10000.0,0.0,10000.0,10000.0,1623,2020-03-12 13:00:00,2020-03-12 13:00:00,2020-03-12 13:00:00,False,,,,
2020-03-12 13:00:00,2020-03-12 13:00:00,2020-03-12 13:30:00,30,direct_ridge,direct_ridge,10000.0,10000.0,10000.0,0.0,10000.0,10000.0,1623,2020-03-12 13:00:00,2020-03-12 13:00:00,2020-03-12 13:00:00,False,,,,
2020-03-12 13:30:00,2020-03-12 13:30:00,2020-03-12 14:00:00,30,persistence,persistence,10000.0,10000.0,10000.0,0.0,10000.0,10000.0,1653,2020-03-12 13:30:00,2020-03-12 13:30:00,2020-03-12 13:30:00,False,,,,
2020-03-12 13:30:00,2020-03-12 13:30:00,2020-03-12 14:00:00,30,direct_ridge,direct_ridge,10000.0,10000.0,10000.0,0.0,10000.0,10000.0,1653,2020-03-12 13:30:00,2020-03-12 13:30:00,2020-03-12 13:30:00,False,,,,
2020-03-12 14:00:00,2020-03-12 14:00:00,2020-03-12 14:30:00,30,persistence,persistence,10000.0,10000.0,10000.0,0.0,10000.0,10000.0,1683,2020-03-12 14:00:00,2020-03-12 14:00:00,2020-03-12 14:00:00,False,,,,
2020-03-12 14:00:00,2020-03-12 14:00:00,2020-03-12 14:30:00,30,direct_ridge,direct_ridge,10000.0,10000.0,10000.0,0.0,10000.0,10000.0,1683,2020-03-12 14:00:00,2020-03-12 14:00:00,2020-03-12 14:00:00,False,,,,
2020-03-12 14:30:00,2020-03-12 14:30:00,2020-03-12 15:00:00,30,persistence,persistence,10000.0,10000.0,10000.0,0.0,10000.0,10000.0,1713,2020-03-12 14:30:00,2020-03-12 14:30:00,2020-03-12 14:30:00,False,,,,
2020-03-12 14:30:00,2020-03-12 14:30:00,2020-03-12 15:00:00,30,direct_ridge,direct_ridge,10000.0,10000.0,10000.0,0.0,10000.0,10000.0,1713,2020-03-12 14:30:00,2020-03-12 14:30:00,2020-03-12 14:30:00,False,,,,
2020-03-12 15:00:00,2020-03-12 15:00:00,2020-03-12 15:30:00,30,persistence,persistence,10000.0,10000.0,10000.0,0.0,10000.0,10000.0,1743,2020-03-12 15:00:00,2020-03-12 15:00:00,2020-03-12 15:00:00,False,8000.0,12000.0,True,2000.0
2020-03-12 15:00:00,2020-03-12 15:00:00,2020-03-12 15:30:00,30,direct_ridge,direct_ridge,10000.0,10000.0,10000.0,0.0,10000.0,10000.0,1743,2020-03-12 15:00:00,2020-03-12 15:00:00,2020-03-12 15:00:00,False,5554.233477396919,14445.76652260308,True,4445.766522603081
2020-03-12 15:30:00,2020-03-12 15:30:00,2020-03-12 16:00:00,30,persistence,persistence,10000.0,10000.0,10000.0,0.0,10000.0,10000.0,1773,2020-03-12 15:30:00,2020-03-12 15:30:00,2020-03-12 15:30:00,False,8000.0,12000.0,True,2000.0
2020-03-12 15:30:00,2020-03-12 15:30:00,2020-03-12 16:00:00,30,direct_ridge,direct_ridge,10000.0,10000.0,10000.0,0.0,8728.935701042628,8728.935701042628,1773,2020-03-12 15:30:00,2020-03-12 15:30:00,2020-03-12 15:30:00,False,4283.169178439547,13174.702223645709,True,4445.766522603081
2020-03-12 16:00:00,2020-03-12 16:00:00,2020-03-12 16:30:00,30,persistence,persistence,10000.0,10000.0,10000.0,0.0,10000.0,10000.0,1803,2020-03-12 16:00:00,2020-03-12 16:00:00,2020-03-12 16:00:00,False,8000.0,12000.0,True,2000.0
2020-03-12 16:00:00,2020-03-12 16:00:00,2020-03-12 16:30:00,30,direct_ridge,direct_ridge,10000.0,10000.0,10000.0,0.0,7195.535928745453,7195.535928745453,1803,2020-03-12 16:00:00,2020-03-12 16:00:00,2020-03-12 16:00:00,False,2749.7694061423717,11641.302451348534,True,4445.766522603081
2020-03-12 16:30:00,2020-03-12 16:30:00,2020-03-12 17:00:00,30,persistence,persistence,4600.0,4600.0,10000.0,-5400.0,10000.0,10000.0,1833,2020-03-12 16:30:00,2020-03-12 16:30:00,2020-03-12 16:30:00,False,8000.0,12000.0,False,2000.0
2020-03-12 16:30:00,2020-03-12 16:30:00,2020-03-12 17:00:00,30,direct_ridge,direct_ridge,4600.0,4600.0,10000.0,-5400.0,10000.0,10000.0,1833,2020-03-12 16:30:00,2020-03-12 16:30:00,2020-03-12 16:30:00,False,5554.233477396919,14445.76652260308,False,4445.766522603081
2020-03-12 17:00:00,2020-03-12 17:00:00,2020-03-12 17:30:00,30,persistence,persistence,4600.0,4600.0,4600.0,0.0,4600.0,4600.0,1863,2020-03-12 17:00:00,2020-03-12 17:00:00,2020-03-12 17:00:00,False,2600.0,6600.0,True,2000.0
2020-03-12 17:00:00,2020-03-12 17:00:00,2020-03-12 17:30:00,30,direct_ridge,direct_ridge,4600.0,4600.0,4600.0,0.0,2010.149620989373,2010.149620989373,1863,2020-03-12 17:00:00,2020-03-12 17:00:00,2020-03-12 17:00:00,False,0.0,6455.916143592454,True,4445.766522603081
2020-03-12 17:30:00,2020-03-12 17:30:00,2020-03-12 18:00:00,30,persistence,persistence,4200.0,4200.0,4600.0,-400.0,4600.0,4600.0,1893,2020-03-12 17:30:00,2020-03-12 17:30:00,2020-03-12 17:30:00,False,2600.0,6600.0,True,2000.0
2020-03-12 17:30:00,2020-03-12 17:30:00,2020-03-12 18:00:00,30,direct_ridge,direct_ridge,4200.0,4200.0,4600.0,-400.0,1587.986960888312,1587.986960888312,1893,2020-03-12 17:30:00,2020-03-12 17:30:00,2020-03-12 17:30:00,False,0.0,6033.753483491393,True,4445.766522603081
2020-03-12 18:00:00,2020-03-12 18:00:00,2020-03-12 18:30:00,30,persistence,persistence,3600.0,3600.0,4200.0,-600.0,4200.0,4200.0,1923,2020-03-12 18:00:00,2020-03-12 18:00:00,2020-03-12 18:00:00,False,2200.0,6200.0,True,2000.0
2020-03-12 18:00:00,2020-03-12 18:00:00,2020-03-12 18:30:00,30,direct_ridge,direct_ridge,3600.0,3600.0,4200.0,-600.0,1502.3286152356013,1502.3286152356013,1923,2020-03-12 18:00:00,2020-03-12 18:00:00,2020-03-12 18:00:00,False,0.0,5948.095137838683,True,4445.766522603081
2020-03-12 18:30:00,2020-03-12 18:30:00,2020-03-12 19:00:00,30,persistence,persistence,3200.0,3200.0,3600.0,-400.0,3600.0,3600.0,1953,2020-03-12 18:30:00,2020-03-12 18:30:00,2020-03-12 18:30:00,False,1600.0,5600.0,True,2000.0
2020-03-12 18:30:00,2020-03-12 18:30:00,2020-03-12 19:00:00,30,direct_ridge,direct_ridge,3200.0,3200.0,3600.0,-400.0,1534.7097760520267,1534.7097760520267,1953,2020-03-12 18:30:00,2020-03-12 18:30:00,2020-03-12 18:30:00,False,0.0,5980.476298655108,True,4445.766522603081
2020-03-12 19:00:00,2020-03-12 19:00:00,2020-03-12 19:30:00,30,persistence,persistence,3300.0,3300.0,3200.0,100.0,3200.0,3200.0,1983,2020-03-12 19:00:00,2020-03-12 19:00:00,2020-03-12 19:00:00,False,1200.0,5200.0,True,2000.0
2020-03-12 19:00:00,2020-03-12 19:00:00,2020-03-12 19:30:00,30,direct_ridge,direct_ridge,3300.0,3300.0,3200.0,100.0,1727.0170558090092,1727.0170558090092,1983,2020-03-12 19:00:00,2020-03-12 19:00:00,2020-03-12 19:00:00,False,0.0,6172.783578412091,True,4445.766522603081
2020-03-12 19:30:00,2020-03-12 19:30:00,2020-03-12 20:00:00,30,persistence,persistence,2850.0,2850.0,3300.0,-450.0,3300.0,3300.0,2013,2020-03-12 19:30:00,2020-03-12 19:30:00,2020-03-12 19:30:00,False,1300.0,5300.0,True,2000.0
2020-03-12 19:30:00,2020-03-12 19:30:00,2020-03-12 20:00:00,30,direct_ridge,direct_ridge,2850.0,2850.0,3300.0,-450.0,1310.4046913061716,1310.4046913061716,2013,2020-03-12 19:30:00,2020-03-12 19:30:00,2020-03-12 19:30:00,False,0.0,4835.762451096094,True,3525.3577597899225
2020-03-12 20:00:00,2020-03-12 20:00:00,2020-03-12 20:30:00,30,persistence,persistence,3000.0,3000.0,2850.0,150.0,2850.0,2850.0,2043,2020-03-12 20:00:00,2020-03-12 20:00:00,2020-03-12 20:00:00,False,850.0,4850.0,True,2000.0
2020-03-12 20:00:00,2020-03-12 20:00:00,2020-03-12 20:30:00,30,direct_ridge,direct_ridge,3000.0,3000.0,2850.0,150.0,561.6485181358013,561.6485181358013,2043,2020-03-12 20:00:00,2020-03-12 20:00:00,2020-03-12 20:00:00,False,0.0,4087.0062779257237,True,3525.3577597899225
2020-03-12 20:30:00,2020-03-12 20:30:00,2020-03-12 21:00:00,30,persistence,persistence,3500.0,3500.0,3000.0,500.0,3000.0,3000.0,2073,2020-03-12 20:30:00,2020-03-12 20:30:00,2020-03-12 20:30:00,False,1000.0,5000.0,True,2000.0
2020-03-12 20:30:00,2020-03-12 20:30:00,2020-03-12 21:00:00,30,direct_ridge,direct_ridge,3500.0,3500.0,3000.0,500.0,1828.8377009581782,1828.8377009581782,2073,2020-03-12 20:30:00,2020-03-12 20:30:00,2020-03-12 20:30:00,False,0.0,5354.1954607481,True,3525.3577597899225
2020-03-12 21:00:00,2020-03-12 21:00:00,2020-03-12 21:30:00,30,persistence,persistence,2700.0,2700.0,3500.0,-800.0,3500.0,3500.0,2103,2020-03-12 21:00:00,2020-03-12 21:00:00,2020-03-12 21:00:00,False,1500.0,5500.0,True,2000.0
2020-03-12 21:00:00,2020-03-12 21:00:00,2020-03-12 21:30:00,30,direct_ridge,direct_ridge,2700.0,2700.0,3500.0,-800.0,3153.1070419766393,3153.1070419766393,2103,2020-03-12 21:00:00,2020-03-12 21:00:00,2020-03-12 21:00:00,False,0.0,6678.464801766562,True,3525.3577597899225
2020-03-12 21:30:00,2020-03-12 21:30:00,2020-03-12 22:00:00,30,persistence,persistence,2700.0,2700.0,2700.0,0.0,2700.0,2700.0,2133,2020-03-12 21:30:00,2020-03-12 21:30:00,2020-03-12 21:30:00,False,700.0,4700.0,True,2000.0
2020-03-12 21:30:00,2020-03-12 21:30:00,2020-03-12 22:00:00,30,direct_ridge,direct_ridge,2700.0,2700.0,2700.0,0.0,2231.1305060164354,2231.1305060164354,2133,2020-03-12 21:30:00,2020-03-12 21:30:00,2020-03-12 21:30:00,False,0.0,5756.488265806358,True,3525.3577597899225
2020-03-12 22:00:00,2020-03-12 22:00:00,2020-03-12 22:30:00,30,persistence,persistence,1650.0,1650.0,2700.0,-1050.0,2700.0,2700.0,2163,2020-03-12 22:00:00,2020-03-12 22:00:00,2020-03-12 22:00:00,False,1700.0,3700.0,False,1000.0
2020-03-12 22:00:00,2020-03-12 22:00:00,2020-03-12 22:30:00,30,direct_ridge,direct_ridge,1650.0,1650.0,2700.0,-1050.0,1915.0969322775234,1915.0969322775234,2163,2020-03-12 22:00:00,2020-03-12 22:00:00,2020-03-12 22:00:00,False,0.0,5093.843624258878,True,3178.746691981354
2020-03-12 22:30:00,2020-03-12 22:30:00,2020-03-12 23:00:00,30,persistence,persistence,1300.0,1300.0,1650.0,-350.0,1650.0,1650.0,2193,2020-03-12 22:30:00,2020-03-12 22:30:00,2020-03-12 22:30:00,False,600.0,2700.0,True,1050.0
2020-03-12 22:30:00,2020-03-12 22:30:00,2020-03-12 23:00:00,30,direct_ridge,direct_ridge,1300.0,1300.0,1650.0,-350.0,773.3958892359301,773.3958892359301,2193,2020-03-12 22:30:00,2020-03-12 22:30:00,2020-03-12 22:30:00,False,0.0,3952.1425812172843,True,3178.746691981354
2020-03-12 23:00:00,2020-03-12 23:00:00,2020-03-12 23:30:00,30,persistence,persistence,1350.0,1350.0,1300.0,50.0,1300.0,1300.0,2223,2020-03-12 23:00:00,2020-03-12 23:00:00,2020-03-12 23:00:00,False,250.0,2350.0,True,1050.0
2020-03-12 23:00:00,2020-03-12 23:00:00,2020-03-12 23:30:00,30,direct_ridge,direct_ridge,1350.0,1350.0,1300.0,50.0,942.1562919561158,942.1562919561158,2223,2020-03-12 23:00:00,2020-03-12 23:00:00,2020-03-12 23:00:00,False,0.0,4120.90298393747,True,3178.746691981354
2020-03-12 23:30:00,2020-03-12 23:30:00,2020-03-13 00:00:00,30,persistence,persistence,1100.0,1100.0,1350.0,-250.0,1350.0,1350.0,2253,2020-03-12 23:30:00,2020-03-12 23:30:00,2020-03-12 23:30:00,False,300.0,2400.0,True,1050.0
2020-03-12 23:30:00,2020-03-12 23:30:00,2020-03-13 00:00:00,30,direct_ridge,direct_ridge,1100.0,1100.0,1350.0,-250.0,1631.6623983736463,1631.6623983736463,2253,2020-03-12 23:30:00,2020-03-12 23:30:00,2020-03-12 23:30:00,False,0.0,4810.409090355,True,3178.746691981354
2020-03-13 00:00:00,2020-03-13 00:00:00,2020-03-13 00:30:00,30,persistence,persistence,100.0,100.0,1100.0,-1000.0,1100.0,1100.0,2283,2020-03-13 00:00:00,2020-03-13 00:00:00,2020-03-13 00:00:00,False,50.0,2150.0,True,1050.0
2020-03-13 00:00:00,2020-03-13 00:00:00,2020-03-13 00:30:00,30,direct_ridge,direct_ridge,100.0,100.0,1100.0,-1000.0,839.7008809712979,839.7008809712979,2283,2020-03-13 00:00:00,2020-03-13 00:00:00,2020-03-13 00:00:00,False,0.0,4018.447572952652,True,3178.746691981354
2020-03-13 00:30:00,2020-03-13 00:30:00,2020-03-13 01:00:00,30,persistence,persistence,50.0,50.0,100.0,-50.0,100.0,100.0,2313,2020-03-13 00:30:00,2020-03-13 00:30:00,2020-03-13 00:30:00,False,0.0,1100.0,True,1000.0
2020-03-13 00:30:00,2020-03-13 00:30:00,2020-03-13 01:00:00,30,direct_ridge,direct_ridge,50.0,50.0,100.0,-50.0,531.4168528069742,531.4168528069742,2313,2020-03-13 00:30:00,2020-03-13 00:30:00,2020-03-13 00:30:00,False,0.0,3335.880924061521,True,2804.464071254547
2020-03-13 01:00:00,2020-03-13 01:00:00,2020-03-13 01:30:00,30,persistence,persistence,200.0,200.0,50.0,150.0,50.0,50.0,2343,2020-03-13 01:00:00,2020-03-13 01:00:00,2020-03-13 01:00:00,False,0.0,1050.0,True,1000.0
2020-03-13 01:00:00,2020-03-13 01:00:00,2020-03-13 01:30:00,30,direct_ridge,direct_ridge,200.0,200.0,50.0,150.0,100.56023132465619,100.56023132465619,2343,2020-03-13 01:00:00,2020-03-13 01:00:00,2020-03-13 01:00:00,False,0.0,2905.0243025792033,True,2804.464071254547
2020-03-13 01:30:00,2020-03-13 01:30:00,2020-03-13 02:00:00,30,persistence,persistence,50.0,50.0,200.0,-150.0,200.0,200.0,2373,2020-03-13 01:30:00,2020-03-13 01:30:00,2020-03-13 01:30:00,False,0.0,1200.0,True,1000.0
2020-03-13 01:30:00,2020-03-13 01:30:00,2020-03-13 02:00:00,30,direct_ridge,direct_ridge,50.0,50.0,200.0,-150.0,137.41098969989446,137.41098969989446,2373,2020-03-13 01:30:00,2020-03-13 01:30:00,2020-03-13 01:30:00,False,0.0,2941.8750609544413,True,2804.464071254547
2020-03-13 02:00:00,2020-03-13 02:00:00,2020-03-13 02:30:00,30,persistence,persistence,100.0,100.0,50.0,50.0,50.0,50.0,2403,2020-03-13 02:00:00,2020-03-13 02:00:00,2020-03-13 02:00:00,False,0.0,1050.0,True,1000.0
2020-03-13 02:00:00,2020-03-13 02:00:00,2020-03-13 02:30:00,30,direct_ridge,direct_ridge,100.0,100.0,50.0,50.0,88.87290351700821,88.87290351700821,2403,2020-03-13 02:00:00,2020-03-13 02:00:00,2020-03-13 02:00:00,False,0.0,2893.336974771555,True,2804.464071254547
2020-03-13 02:30:00,2020-03-13 02:30:00,2020-03-13 03:00:00,30,persistence,persistence,50.0,50.0,100.0,-50.0,100.0,100.0,2433,2020-03-13 02:30:00,2020-03-13 02:30:00,2020-03-13 02:30:00,False,0.0,1100.0,True,1000.0
2020-03-13 02:30:00,2020-03-13 02:30:00,2020-03-13 03:00:00,30,direct_ridge,direct_ridge,50.0,50.0,100.0,-50.0,67.34678328911124,67.34678328911124,2433,2020-03-13 02:30:00,2020-03-13 02:30:00,2020-03-13 02:30:00,False,0.0,2871.810854543658,True,2804.464071254547
2020-03-13 03:00:00,2020-03-13 03:00:00,2020-03-13 03:30:00,30,persistence,persistence,50.0,50.0,50.0,0.0,50.0,50.0,2463,2020-03-13 03:00:00,2020-03-13 03:00:00,2020-03-13 03:00:00,False,0.0,1050.0,True,1000.0
2020-03-13 03:00:00,2020-03-13 03:00:00,2020-03-13 03:30:00,30,direct_ridge,direct_ridge,50.0,50.0,50.0,0.0,87.4010014832232,87.4010014832232,2463,2020-03-13 03:00:00,2020-03-13 03:00:00,2020-03-13 03:00:00,False,0.0,2699.4140405949115,True,2612.013039111688
2020-03-13 03:30:00,2020-03-13 03:30:00,2020-03-13 04:00:00,30,persistence,persistence,50.0,50.0,50.0,0.0,50.0,50.0,2493,2020-03-13 03:30:00,2020-03-13 03:30:00,2020-03-13 03:30:00,False,0.0,1050.0,True,1000.0
2020-03-13 03:30:00,2020-03-13 03:30:00,2020-03-13 04:00:00,30,direct_ridge,direct_ridge,50.0,50.0,50.0,0.0,172.36373994062382,172.36373994062382,2493,2020-03-13 03:30:00,2020-03-13 03:30:00,2020-03-13 03:30:00,False,0.0,2784.376779052312,True,2612.013039111688
2020-03-13 04:00:00,2020-03-13 04:00:00,2020-03-13 04:30:00,30,persistence,persistence,50.0,50.0,50.0,0.0,50.0,50.0,2523,2020-03-13 04:00:00,2020-03-13 04:00:00,2020-03-13 04:00:00,False,0.0,1050.0,True,1000.0
2020-03-13 04:00:00,2020-03-13 04:00:00,2020-03-13 04:30:00,30,direct_ridge,direct_ridge,50.0,50.0,50.0,0.0,56.97119181717453,56.97119181717453,2523,2020-03-13 04:00:00,2020-03-13 04:00:00,2020-03-13 04:00:00,False,0.0,2668.984230928863,True,2612.013039111688
2020-03-13 04:30:00,2020-03-13 04:30:00,2020-03-13 05:00:00,30,persistence,persistence,50.0,50.0,50.0,0.0,50.0,50.0,2553,2020-03-13 04:30:00,2020-03-13 04:30:00,2020-03-13 04:30:00,False,0.0,1050.0,True,1000.0
2020-03-13 04:30:00,2020-03-13 04:30:00,2020-03-13 05:00:00,30,direct_ridge,direct_ridge,50.0,50.0,50.0,0.0,69.12928919728867,69.12928919728867,2553,2020-03-13 04:30:00,2020-03-13 04:30:00,2020-03-13 04:30:00,False,0.0,2681.1423283089766,True,2612.013039111688
2020-03-13 05:00:00,2020-03-13 05:00:00,2020-03-13 05:30:00,30,persistence,persistence,50.0,50.0,50.0,0.0,50.0,50.0,2583,2020-03-13 05:00:00,2020-03-13 05:00:00,2020-03-13 05:00:00,False,0.0,1050.0,True,1000.0
2020-03-13 05:00:00,2020-03-13 05:00:00,2020-03-13 05:30:00,30,direct_ridge,direct_ridge,50.0,50.0,50.0,0.0,50.0,50.0,2583,2020-03-13 05:00:00,2020-03-13 05:00:00,2020-03-13 05:00:00,False,0.0,2662.013039111688,True,2612.013039111688
2020-03-13 05:30:00,2020-03-13 05:30:00,2020-03-13 06:00:00,30,persistence,persistence,50.0,50.0,50.0,0.0,50.0,50.0,2613,2020-03-13 05:30:00,2020-03-13 05:30:00,2020-03-13 05:30:00,False,0.0,850.0,True,800.0
2020-03-13 05:30:00,2020-03-13 05:30:00,2020-03-13 06:00:00,30,direct_ridge,direct_ridge,50.0,50.0,50.0,0.0,50.0,50.0,2613,2020-03-13 05:30:00,2020-03-13 05:30:00,2020-03-13 05:30:00,False,0.0,2639.850379010627,True,2589.850379010627
2020-03-13 06:00:00,2020-03-13 06:00:00,2020-03-13 06:30:00,30,persistence,persistence,50.0,50.0,50.0,0.0,50.0,50.0,2643,2020-03-13 06:00:00,2020-03-13 06:00:00,2020-03-13 06:00:00,False,0.0,850.0,True,800.0
2020-03-13 06:00:00,2020-03-13 06:00:00,2020-03-13 06:30:00,30,direct_ridge,direct_ridge,50.0,50.0,50.0,0.0,53.746798033766375,53.746798033766375,2643,2020-03-13 06:00:00,2020-03-13 06:00:00,2020-03-13 06:00:00,False,0.0,2643.5971770443934,True,2589.850379010627
2020-03-13 06:30:00,2020-03-13 06:30:00,2020-03-13 07:00:00,30,persistence,persistence,50.0,50.0,50.0,0.0,50.0,50.0,2673,2020-03-13 06:30:00,2020-03-13 06:30:00,2020-03-13 06:30:00,False,0.0,850.0,True,800.0
2020-03-13 06:30:00,2020-03-13 06:30:00,2020-03-13 07:00:00,30,direct_ridge,direct_ridge,50.0,50.0,50.0,0.0,63.50857560047538,63.50857560047538,2673,2020-03-13 06:30:00,2020-03-13 06:30:00,2020-03-13 06:30:00,False,0.0,2653.3589546111025,True,2589.850379010627
2020-03-13 07:00:00,2020-03-13 07:00:00,2020-03-13 07:30:00,30,persistence,persistence,50.0,50.0,50.0,0.0,50.0,50.0,2703,2020-03-13 07:00:00,2020-03-13 07:00:00,2020-03-13 07:00:00,False,0.0,850.0,True,800.0
2020-03-13 07:00:00,2020-03-13 07:00:00,2020-03-13 07:30:00,30,direct_ridge,direct_ridge,50.0,50.0,50.0,0.0,82.22374590481516,82.22374590481516,2703,2020-03-13 07:00:00,2020-03-13 07:00:00,2020-03-13 07:00:00,False,0.0,2672.074124915442,True,2589.850379010627
