origin,forecast_origin,origin_frame,target_frame,target_time,horizon_frames,horizon_minutes,method,model_id,actual,y_true,prediction,y_pred,train_rows,train_max_target_frame,data_available_at_origin,interval_lower,interval_upper,interval_covered,interval_radius
2016-04-14 06:54:44.333333,2016-04-14 06:54:44.333333,36,37,2016-04-14 06:55:26.000000,1,0.6944444444444444,persistence,persistence,0.008664549708402984,0.008664549708402984,0.00864772263505448,0.00864772263505448,23,36,2016-04-14 06:54:44.333333,,,,
2016-04-14 06:54:44.333333,2016-04-14 06:54:44.333333,36,37,2016-04-14 06:55:26.000000,1,0.6944444444444444,direct_ridge,direct_ridge,0.008664549708402984,0.008664549708402984,0.008616643261391008,0.008616643261391008,23,36,2016-04-14 06:54:44.333333,,,,
2016-04-14 06:56:07.666667,2016-04-14 06:56:07.666667,38,39,2016-04-14 06:56:49.333333,1,0.6944444444444444,persistence,persistence,0.008714416468209411,0.008714416468209411,0.008757743516465868,0.008757743516465868,25,38,2016-04-14 06:56:07.666667,,,,
2016-04-14 06:56:07.666667,2016-04-14 06:56:07.666667,38,39,2016-04-14 06:56:49.333333,1,0.6944444444444444,direct_ridge,direct_ridge,0.008714416468209411,0.008714416468209411,0.008727018757254294,0.008727018757254294,25,38,2016-04-14 06:56:07.666667,,,,
2016-04-14 06:57:31.000000,2016-04-14 06:57:31.000000,40,41,2016-04-14 06:58:12.666667,1,0.6944444444444444,persistence,persistence,0.008674329977094409,0.008674329977094409,0.008703305614732858,0.008703305614732858,27,40,2016-04-14 06:57:31.000000,,,,
2016-04-14 06:57:31.000000,2016-04-14 06:57:31.000000,40,41,2016-04-14 06:58:12.666667,1,0.6944444444444444,direct_ridge,direct_ridge,0.008674329977094409,0.008674329977094409,0.00871346377123671,0.00871346377123671,27,40,2016-04-14 06:57:31.000000,,,,
2016-04-14 06:58:54.333333,2016-04-14 06:58:54.333333,42,43,2016-04-14 06:59:36.000000,1,0.6944444444444444,persistence,persistence,0.008488252734142191,0.008488252734142191,0.008563939012531725,0.008563939012531725,29,42,2016-04-14 06:58:54.333333,,,,
2016-04-14 06:58:54.333333,2016-04-14 06:58:54.333333,42,43,2016-04-14 06:59:36.000000,1,0.6944444444444444,direct_ridge,direct_ridge,0.008488252734142191,0.008488252734142191,0.00853778605094208,0.00853778605094208,29,42,2016-04-14 06:58:54.333333,,,,
2016-04-14 07:00:17.666667,2016-04-14 07:00:17.666667,44,45,2016-04-14 07:00:59.333333,1,0.6944444444444444,persistence,persistence,0.008491610983583652,0.008491610983583652,0.008419545383173537,0.008419545383173537,31,44,2016-04-14 07:00:17.666667,,,,
2016-04-14 07:00:17.666667,2016-04-14 07:00:17.666667,44,45,2016-04-14 07:00:59.333333,1,0.6944444444444444,direct_ridge,direct_ridge,0.008491610983583652,0.008491610983583652,0.008372015551791664,0.008372015551791664,31,44,2016-04-14 07:00:17.666667,,,,
2016-04-14 07:01:41.000000,2016-04-14 07:01:41.000000,46,47,2016-04-14 07:02:22.666667,1,0.6944444444444444,persistence,persistence,0.008548693086204297,0.008548693086204297,0.008468907346916068,0.008468907346916068,33,46,2016-04-14 07:01:41.000000,,,,
2016-04-14 07:01:41.000000,2016-04-14 07:01:41.000000,46,47,2016-04-14 07:02:22.666667,1,0.6944444444444444,direct_ridge,direct_ridge,0.008548693086204297,0.008548693086204297,0.008475137586637442,0.008475137586637442,33,46,2016-04-14 07:01:41.000000,,,,
2016-04-14 07:03:04.333333,2016-04-14 07:03:04.333333,48,49,2016-04-14 07:03:46.000000,1,0.6944444444444444,persistence,persistence,0.008766842132912645,0.008766842132912645,0.008727074331597575,0.008727074331597575,35,48,2016-04-14 07:03:04.333333,,,,
2016-04-14 07:03:04.333333,2016-04-14 07:03:04.333333,48,49,2016-04-14 07:03:46.000000,1,0.6944444444444444,direct_ridge,direct_ridge,0.008766842132912645,0.008766842132912645,0.008759885838192885,0.008759885838192885,35,48,2016-04-14 07:03:04.333333,,,,
2016-04-14 07:04:27.666667,2016-04-14 07:04:27.666667,50,51,2016-04-14 07:05:09.333333,1,0.6944444444444444,persistence,persistence,0.00859302411239796,0.00859302411239796,0.008757319608492296,0.008757319608492296,37,50,2016-04-14 07:04:27.666667,,,,
2016-04-14 07:04:27.666667,2016-04-14 07:04:27.666667,50,51,2016-04-14 07:05:09.333333,1,0.6944444444444444,direct_ridge,direct_ridge,0.00859302411239796,0.00859302411239796,0.008811559720282086,0.008811559720282086,37,50,2016-04-14 07:04:27.666667,,,,
2016-04-14 07:05:51.000000,2016-04-14 07:05:51.000000,52,53,2016-04-14 07:06:32.666667,1,0.6944444444444444,persistence,persistence,0.008536698857735845,0.008536698857735845,0.008578950311452246,0.008578950311452246,39,52,2016-04-14 07:05:51.000000,,,,
2016-04-14 07:05:51.000000,2016-04-14 07:05:51.000000,52,53,2016-04-14 07:06:32.666667,1,0.6944444444444444,direct_ridge,direct_ridge,0.008536698857735845,0.008536698857735845,0.008537225817374107,0.008537225817374107,39,52,2016-04-14 07:05:51.000000,,,,
2016-04-14 07:07:14.333333,2016-04-14 07:07:14.333333,54,55,2016-04-14 07:07:56.000000,1,0.6944444444444444,persistence,persistence,0.008528513068825535,0.008528513068825535,0.008491783732582883,0.008491783732582883,41,54,2016-04-14 07:07:14.333333,,,,
2016-04-14 07:07:14.333333,2016-04-14 07:07:14.333333,54,55,2016-04-14 07:07:56.000000,1,0.6944444444444444,direct_ridge,direct_ridge,0.008528513068825535,0.008528513068825535,0.008507311622465078,0.008507311622465078,41,54,2016-04-14 07:07:14.333333,,,,
2016-04-14 07:08:37.666667,2016-04-14 07:08:37.666667,56,57,2016-04-14 07:09:19.333333,1,0.6944444444444444,persistence,persistence,0.008491285719970274,0.008491285719970274,0.008551909450126934,0.008551909450126934,43,56,2016-04-14 07:08:37.666667,0.008387613954032598,0.00871620494622127,True,0.00016429549609433582
2016-04-14 07:08:37.666667,2016-04-14 07:08:37.666667,56,57,2016-04-14 07:09:19.333333,1,0.6944444444444444,direct_ridge,direct_ridge,0.008491285719970274,0.008491285719970274,0.008572293928697359,0.008572293928697359,43,56,2016-04-14 07:08:37.666667,0.008353758320813233,0.008790829536581484,True,0.00021853560788412559
2016-04-14 07:10:01.000000,2016-04-14 07:10:01.000000,58,59,2016-04-14 07:10:42.666667,1,0.6944444444444444,persistence,persistence,0.008474053966630693,0.008474053966630693,0.008455629280645487,0.008455629280645487,45,58,2016-04-14 07:10:01.000000,0.008291333784551151,0.008619924776739823,True,0.00016429549609433582
2016-04-14 07:10:01.000000,2016-04-14 07:10:01.000000,58,59,2016-04-14 07:10:42.666667,1,0.6944444444444444,direct_ridge,direct_ridge,0.008474053966630693,0.008474053966630693,0.008483832170231161,0.008483832170231161,45,58,2016-04-14 07:10:01.000000,0.008265296562347035,0.008702367778115287,True,0.00021853560788412559
2016-04-14 07:11:24.333333,2016-04-14 07:11:24.333333,60,61,2016-04-14 07:12:06.000000,1,0.6944444444444444,persistence,persistence,0.00855452834598426,0.00855452834598426,0.008525902201518866,0.008525902201518866,47,60,2016-04-14 07:11:24.333333,0.00836160670542453,0.008690197697613202,True,0.00016429549609433582
2016-04-14 07:11:24.333333,2016-04-14 07:11:24.333333,60,61,2016-04-14 07:12:06.000000,1,0.6944444444444444,direct_ridge,direct_ridge,0.00855452834598426,0.00855452834598426,0.008566077874883674,0.008566077874883674,47,60,2016-04-14 07:11:24.333333,0.008347542266999549,0.0087846134827678,True,0.00021853560788412559
2016-04-14 07:12:47.666667,2016-04-14 07:12:47.666667,62,63,2016-04-14 07:13:29.333333,1,0.6944444444444444,persistence,persistence,0.008481635408458161,0.008481635408458161,0.008541567255413487,0.008541567255413487,49,62,2016-04-14 07:12:47.666667,0.008377271759319151,0.008705862751507823,True,0.00016429549609433582
2016-04-14 07:12:47.666667,2016-04-14 07:12:47.666667,62,63,2016-04-14 07:13:29.333333,1,0.6944444444444444,direct_ridge,direct_ridge,0.008481635408458161,0.008481635408458161,0.008564351153309967,0.008564351153309967,49,62,2016-04-14 07:12:47.666667,0.008345815545425841,0.008782886761194092,True,0.00021853560788412559
2016-04-14 07:14:11.000000,2016-04-14 07:14:11.000000,64,65,2016-04-14 07:14:52.666667,1,0.6944444444444444,persistence,persistence,0.008476270600793956,0.008476270600793956,0.008534916236281937,0.008534916236281937,51,64,2016-04-14 07:14:11.000000,0.008455130496993708,0.008614701975570165,True,7.978573928822848e-05
2016-04-14 07:14:11.000000,2016-04-14 07:14:11.000000,64,65,2016-04-14 07:14:52.666667,1,0.6944444444444444,direct_ridge,direct_ridge,0.008476270600793956,0.008476270600793956,0.00853258176358291,0.00853258176358291,51,64,2016-04-14 07:14:11.000000,0.008412986331790922,0.008652177195374897,True,0.0001195954317919877
2016-04-14 07:15:34.333333,2016-04-14 07:15:34.333333,66,67,2016-04-14 07:16:16.000000,1,0.6944444444444444,persistence,persistence,0.008569115031265121,0.008569115031265121,0.008448975830169072,0.008448975830169072,53,66,2016-04-14 07:15:34.333333,0.008369190090880843,0.0085287615694573,False,7.978573928822848e-05
2016-04-14 07:15:34.333333,2016-04-14 07:15:34.333333,66,67,2016-04-14 07:16:16.000000,1,0.6944444444444444,direct_ridge,direct_ridge,0.008569115031265121,0.008569115031265121,0.008472661731278835,0.008472661731278835,53,66,2016-04-14 07:15:34.333333,0.008353066299486848,0.008592257163070823,True,0.0001195954317919877
2016-04-14 07:16:57.666667,2016-04-14 07:16:57.666667,68,69,2016-04-14 07:17:39.333333,1,0.6944444444444444,persistence,persistence,0.008606310193791952,0.008606310193791952,0.008571571970593746,0.008571571970593746,55,68,2016-04-14 07:16:57.666667,0.008451432769497697,0.008691711171689796,True,0.00012013920109604954
2016-04-14 07:16:57.666667,2016-04-14 07:16:57.666667,68,69,2016-04-14 07:17:39.333333,1,0.6944444444444444,direct_ridge,direct_ridge,0.008606310193791952,0.008606310193791952,0.00857613081034807,0.00857613081034807,55,68,2016-04-14 07:16:57.666667,0.008456535378556082,0.008695726242140057,True,0.0001195954317919877
2016-04-14 07:18:21.000000,2016-04-14 07:18:21.000000,70,71,2016-04-14 07:19:02.666667,1,0.6944444444444444,persistence,persistence,0.00860848371966795,0.00860848371966795,0.008595058430105322,0.008595058430105322,57,70,2016-04-14 07:18:21.000000,0.008474919229009273,0.008715197631201372,True,0.00012013920109604954
2016-04-14 07:18:21.000000,2016-04-14 07:18:21.000000,70,71,2016-04-14 07:19:02.666667,1,0.6944444444444444,direct_ridge,direct_ridge,0.00860848371966795,0.00860848371966795,0.008577609155944532,0.008577609155944532,57,70,2016-04-14 07:18:21.000000,0.008458013724152544,0.00869720458773652,True,0.0001195954317919877
2016-04-14 07:19:44.333333,2016-04-14 07:19:44.333333,72,73,2016-04-14 07:20:26.000000,1,0.6944444444444444,persistence,persistence,0.008602879725602395,0.008602879725602395,0.008608719807671491,0.008608719807671491,59,72,2016-04-14 07:19:44.333333,0.008488580606575442,0.00872885900876754,True,0.00012013920109604954
2016-04-14 07:19:44.333333,2016-04-14 07:19:44.333333,72,73,2016-04-14 07:20:26.000000,1,0.6944444444444444,direct_ridge,direct_ridge,0.008602879725602395,0.008602879725602395,0.008582863426121294,0.008582863426121294,59,72,2016-04-14 07:19:44.333333,0.008463267994329306,0.008702458857913282,True,0.0001195954317919877
2016-04-14 07:21:07.666667,2016-04-14 07:21:07.666667,74,75,2016-04-14 07:21:49.333333,1,0.6944444444444444,persistence,persistence,0.008545881158891181,0.008545881158891181,0.008588254796857679,0.008588254796857679,61,74,2016-04-14 07:21:07.666667,0.00850846905756945,0.008668040536145907,True,7.978573928822848e-05
2016-04-14 07:21:07.666667,2016-04-14 07:21:07.666667,74,75,2016-04-14 07:21:49.333333,1,0.6944444444444444,direct_ridge,direct_ridge,0.008545881158891181,0.008545881158891181,0.00856803425542214,0.00856803425542214,61,74,2016-04-14 07:21:07.666667,0.008471580955435855,0.008664487555408426,True,9.645329998628563e-05
2016-04-14 07:22:31.000000,2016-04-14 07:22:31.000000,76,77,2016-04-14 07:23:12.666667,1,0.6944444444444444,persistence,persistence,0.008551452117752543,0.008551452117752543,0.008512946838857265,0.008512946838857265,63,76,2016-04-14 07:22:31.000000,0.008433161099569037,0.008592732578145494,True,7.978573928822848e-05
2016-04-14 07:22:31.000000,2016-04-14 07:22:31.000000,76,77,2016-04-14 07:23:12.666667,1,0.6944444444444444,direct_ridge,direct_ridge,0.008551452117752543,0.008551452117752543,0.008512191736415528,0.008512191736415528,63,76,2016-04-14 07:22:31.000000,0.008415738436429242,0.008608645036401814,True,9.645329998628563e-05
2016-04-14 07:23:54.333333,2016-04-14 07:23:54.333333,78,79,2016-04-14 07:24:36.000000,1,0.6944444444444444,persistence,persistence,0.008478204666831676,0.008478204666831676,0.008541818514793006,0.008541818514793006,65,78,2016-04-14 07:23:54.333333,0.008462032775504778,0.008621604254081235,True,7.978573928822848e-05
2016-04-14 07:23:54.333333,2016-04-14 07:23:54.333333,78,79,2016-04-14 07:24:36.000000,1,0.6944444444444444,direct_ridge,direct_ridge,0.008478204666831676,0.008478204666831676,0.008551714540110559,0.008551714540110559,65,78,2016-04-14 07:23:54.333333,0.008455261240124273,0.008648167840096845,True,9.645329998628563e-05
2016-04-14 07:25:17.666667,2016-04-14 07:25:17.666667,80,81,2016-04-14 07:25:59.333333,1,0.6944444444444444,persistence,persistence,0.008459879137730525,0.008459879137730525,0.008434592102830334,0.008434592102830334,67,80,2016-04-14 07:25:17.666667,0.008354806363542105,0.008514377842118562,True,7.978573928822848e-05
2016-04-14 07:25:17.666667,2016-04-14 07:25:17.666667,80,81,2016-04-14 07:25:59.333333,1,0.6944444444444444,direct_ridge,direct_ridge,0.008459879137730525,0.008459879137730525,0.008461371693434283,0.008461371693434283,67,80,2016-04-14 07:25:17.666667,0.008364918393447997,0.008557824993420568,True,9.645329998628563e-05
2016-04-14 07:26:41.000000,2016-04-14 07:26:41.000000,82,83,2016-04-14 07:27:22.666667,1,0.6944444444444444,persistence,persistence,0.008508687331816877,0.008508687331816877,0.008534904401049693,0.008534904401049693,69,82,2016-04-14 07:26:41.000000,0.008455118661761464,0.008614690140337921,True,7.978573928822848e-05
2016-04-14 07:26:41.000000,2016-04-14 07:26:41.000000,82,83,2016-04-14 07:27:22.666667,1,0.6944444444444444,direct_ridge,direct_ridge,0.008508687331816877,0.008508687331816877,0.00855444984865333,0.00855444984865333,69,82,2016-04-14 07:26:41.000000,0.008457996548667045,0.008650903148639616,True,9.645329998628563e-05
2016-04-14 07:28:04.333333,2016-04-14 07:28:04.333333,84,85,2016-04-14 07:28:46.000000,1,0.6944444444444444,persistence,persistence,0.008509587843981925,0.008509587843981925,0.008476699553956557,0.008476699553956557,71,84,2016-04-14 07:28:04.333333,0.008401013275567023,0.00855238583234609,True,7.56862783895338e-05
2016-04-14 07:28:04.333333,2016-04-14 07:28:04.333333,84,85,2016-04-14 07:28:46.000000,1,0.6944444444444444,direct_ridge,direct_ridge,0.008509587843981925,0.008509587843981925,0.00850123252856446,0.00850123252856446,71,84,2016-04-14 07:28:04.333333,0.008418516783712655,0.008583948273416266,True,8.27157448518058e-05
2016-04-14 07:29:27.666667,2016-04-14 07:29:27.666667,86,87,2016-04-14 07:30:09.333333,1,0.6944444444444444,persistence,persistence,0.008482226951264162,0.008482226951264162,0.008468767514552441,0.008468767514552441,73,86,2016-04-14 07:29:27.666667,0.008393081236162907,0.008544453792941975,True,7.56862783895338e-05
2016-04-14 07:29:27.666667,2016-04-14 07:29:27.666667,86,87,2016-04-14 07:30:09.333333,1,0.6944444444444444,direct_ridge,direct_ridge,0.008482226951264162,0.008482226951264162,0.008489067912232477,0.008489067912232477,73,86,2016-04-14 07:29:27.666667,0.00840635216738067,0.008571783657084282,True,8.27157448518058e-05
2016-04-14 07:30:51.000000,2016-04-14 07:30:51.000000,88,89,2016-04-14 07:31:32.666667,1,0.6944444444444444,persistence,persistence,0.00867309494322922,0.00867309494322922,0.008638623641312237,0.008638623641312237,75,88,2016-04-14 07:30:51.000000,0.008562937362922704,0.008714309919701771,True,7.56862783895338e-05
2016-04-14 07:30:51.000000,2016-04-14 07:30:51.000000,88,89,2016-04-14 07:31:32.666667,1,0.6944444444444444,direct_ridge,direct_ridge,0.00867309494322922,0.00867309494322922,0.0086194145571758,0.0086194145571758,75,88,2016-04-14 07:30:51.000000,0.008536698812323993,0.008702130302027605,True,8.27157448518058e-05
2016-04-14 07:32:14.333333,2016-04-14 07:32:14.333333,90,91,2016-04-14 07:32:56.000000,1,0.6944444444444444,persistence,persistence,0.008636160907057162,0.008636160907057162,0.008655706705500706,0.008655706705500706,77,90,2016-04-14 07:32:14.333333,0.008580020427111172,0.00873139298389024,True,7.56862783895338e-05
2016-04-14 07:32:14.333333,2016-04-14 07:32:14.333333,90,91,2016-04-14 07:32:56.000000,1,0.6944444444444444,direct_ridge,direct_ridge,0.008636160907057162,0.008636160907057162,0.008630802421080235,0.008630802421080235,77,90,2016-04-14 07:32:14.333333,0.008548086676228429,0.00871351816593204,True,8.27157448518058e-05
2016-04-14 07:33:37.666667,2016-04-14 07:33:37.666667,92,93,2016-04-14 07:34:19.333333,1,0.6944444444444444,persistence,persistence,0.008509851990386334,0.008509851990386334,0.008480119226315957,0.008480119226315957,79,92,2016-04-14 07:33:37.666667,0.008404432947926423,0.00855580550470549,True,7.56862783895338e-05
2016-04-14 07:33:37.666667,2016-04-14 07:33:37.666667,92,93,2016-04-14 07:34:19.333333,1,0.6944444444444444,direct_ridge,direct_ridge,0.008509851990386334,0.008509851990386334,0.008465817707674057,0.008465817707674057,79,92,2016-04-14 07:33:37.666667,0.008383101962822251,0.008548533452525863,True,8.27157448518058e-05
2016-04-14 07:35:01.000000,2016-04-14 07:35:01.000000,94,95,2016-04-14 07:35:42.666667,1,0.6944444444444444,persistence,persistence,0.008474419778966399,0.008474419778966399,0.008401516137762811,0.008401516137762811,81,94,2016-04-14 07:35:01.000000,0.008329450537352696,0.008473581738172926,False,7.206560041011535e-05
2016-04-14 07:35:01.000000,2016-04-14 07:35:01.000000,94,95,2016-04-14 07:35:42.666667,1,0.6944444444444444,direct_ridge,direct_ridge,0.008474419778966399,0.008474419778966399,0.008424327433120203,0.008424327433120203,81,94,2016-04-14 07:35:01.000000,0.008343319224393119,0.008505335641847288,True,8.10082087270847e-05
2016-04-14 06:54:44.333333,2016-04-14 06:54:44.333333,36,39,2016-04-14 06:56:49.333333,3,2.083333333333333,persistence,persistence,0.008714416468209411,0.008714416468209411,0.00864772263505448,0.00864772263505448,21,36,2016-04-14 06:54:44.333333,,,,
2016-04-14 06:54:44.333333,2016-04-14 06:54:44.333333,36,39,2016-04-14 06:56:49.333333,3,2.083333333333333,direct_ridge,direct_ridge,0.008714416468209411,0.008714416468209411,0.008594349292816272,0.008594349292816272,21,36,2016-04-14 06:54:44.333333,,,,
2016-04-14 06:56:07.666667,2016-04-14 06:56:07.666667,38,41,2016-04-14 06:58:12.666667,3,2.083333333333333,persistence,persistence,0.008674329977094409,0.008674329977094409,0.008757743516465868,0.008757743516465868,23,38,2016-04-14 06:56:07.666667,,,,
2016-04-14 06:56:07.666667,2016-04-14 06:56:07.666667,38,41,2016-04-14 06:58:12.666667,3,2.083333333333333,direct_ridge,direct_ridge,0.008674329977094409,0.008674329977094409,0.008616159051584938,0.008616159051584938,23,38,2016-04-14 06:56:07.666667,,,,
2016-04-14 06:57:31.000000,2016-04-14 06:57:31.000000,40,43,2016-04-14 06:59:36.000000,3,2.083333333333333,persistence,persistence,0.008488252734142191,0.008488252734142191,0.008703305614732858,0.008703305614732858,25,40,2016-04-14 06:57:31.000000,,,,
2016-04-14 06:57:31.000000,2016-04-14 06:57:31.000000,40,43,2016-04-14 06:59:36.000000,3,2.083333333333333,direct_ridge,direct_ridge,0.008488252734142191,0.008488252734142191,0.008672412199657581,0.008672412199657581,25,40,2016-04-14 06:57:31.000000,,,,
2016-04-14 06:58:54.333333,2016-04-14 06:58:54.333333,42,45,2016-04-14 07:00:59.333333,3,2.083333333333333,persistence,persistence,0.008491610983583652,0.008491610983583652,0.008563939012531725,0.008563939012531725,27,42,2016-04-14 06:58:54.333333,,,,
2016-04-14 06:58:54.333333,2016-04-14 06:58:54.333333,42,45,2016-04-14 07:00:59.333333,3,2.083333333333333,direct_ridge,direct_ridge,0.008491610983583652,0.008491610983583652,0.008484546251964577,0.008484546251964577,27,42,2016-04-14 06:58:54.333333,,,,
2016-04-14 07:00:17.666667,2016-04-14 07:00:17.666667,44,47,2016-04-14 07:02:22.666667,3,2.083333333333333,persistence,persistence,0.008548693086204297,0.008548693086204297,0.008419545383173537,0.008419545383173537,29,44,2016-04-14 07:00:17.666667,,,,
2016-04-14 07:00:17.666667,2016-04-14 07:00:17.666667,44,47,2016-04-14 07:02:22.666667,3,2.083333333333333,direct_ridge,direct_ridge,0.008548693086204297,0.008548693086204297,0.00837197528825359,0.00837197528825359,29,44,2016-04-14 07:00:17.666667,,,,
2016-04-14 07:01:41.000000,2016-04-14 07:01:41.000000,46,49,2016-04-14 07:03:46.000000,3,2.083333333333333,persistence,persistence,0.008766842132912645,0.008766842132912645,0.008468907346916068,0.008468907346916068,31,46,2016-04-14 07:01:41.000000,,,,
2016-04-14 07:01:41.000000,2016-04-14 07:01:41.000000,46,49,2016-04-14 07:03:46.000000,3,2.083333333333333,direct_ridge,direct_ridge,0.008766842132912645,0.008766842132912645,0.008522812903861223,0.008522812903861223,31,46,2016-04-14 07:01:41.000000,,,,
2016-04-14 07:03:04.333333,2016-04-14 07:03:04.333333,48,51,2016-04-14 07:05:09.333333,3,2.083333333333333,persistence,persistence,0.00859302411239796,0.00859302411239796,0.008727074331597575,0.008727074331597575,33,48,2016-04-14 07:03:04.333333,,,,
2016-04-14 07:03:04.333333,2016-04-14 07:03:04.333333,48,51,2016-04-14 07:05:09.333333,3,2.083333333333333,direct_ridge,direct_ridge,0.00859302411239796,0.00859302411239796,0.008801564871255985,0.008801564871255985,33,48,2016-04-14 07:03:04.333333,,,,
2016-04-14 07:04:27.666667,2016-04-14 07:04:27.666667,50,53,2016-04-14 07:06:32.666667,3,2.083333333333333,persistence,persistence,0.008536698857735845,0.008536698857735845,0.008757319608492296,0.008757319608492296,35,50,2016-04-14 07:04:27.666667,,,,
2016-04-14 07:04:27.666667,2016-04-14 07:04:27.666667,50,53,2016-04-14 07:06:32.666667,3,2.083333333333333,direct_ridge,direct_ridge,0.008536698857735845,0.008536698857735845,0.008809905329581312,0.008809905329581312,35,50,2016-04-14 07:04:27.666667,,,,
2016-04-14 07:05:51.000000,2016-04-14 07:05:51.000000,52,55,2016-04-14 07:07:56.000000,3,2.083333333333333,persistence,persistence,0.008528513068825535,0.008528513068825535,0.008578950311452246,0.008578950311452246,37,52,2016-04-14 07:05:51.000000,,,,
2016-04-14 07:05:51.000000,2016-04-14 07:05:51.000000,52,55,2016-04-14 07:07:56.000000,3,2.083333333333333,direct_ridge,direct_ridge,0.008528513068825535,0.008528513068825535,0.008557221341755702,0.008557221341755702,37,52,2016-04-14 07:05:51.000000,,,,
2016-04-14 07:07:14.333333,2016-04-14 07:07:14.333333,54,57,2016-04-14 07:09:19.333333,3,2.083333333333333,persistence,persistence,0.008491285719970274,0.008491285719970274,0.008491783732582883,0.008491783732582883,39,54,2016-04-14 07:07:14.333333,,,,
2016-04-14 07:07:14.333333,2016-04-14 07:07:14.333333,54,57,2016-04-14 07:09:19.333333,3,2.083333333333333,direct_ridge,direct_ridge,0.008491285719970274,0.008491285719970274,0.008583149429432132,0.008583149429432132,39,54,2016-04-14 07:07:14.333333,,,,
2016-04-14 07:08:37.666667,2016-04-14 07:08:37.666667,56,59,2016-04-14 07:10:42.666667,3,2.083333333333333,persistence,persistence,0.008474053966630693,0.008474053966630693,0.008551909450126934,0.008551909450126934,41,56,2016-04-14 07:08:37.666667,0.008253974664130357,0.00884984423612351,True,0.00029793478599657655
2016-04-14 07:08:37.666667,2016-04-14 07:08:37.666667,56,59,2016-04-14 07:10:42.666667,3,2.083333333333333,direct_ridge,direct_ridge,0.008474053966630693,0.008474053966630693,0.00861415945604991,0.00861415945604991,41,56,2016-04-14 07:08:37.666667,0.008340952984204442,0.008887365927895376,True,0.000273206471845467
2016-04-14 07:10:01.000000,2016-04-14 07:10:01.000000,58,61,2016-04-14 07:12:06.000000,3,2.083333333333333,persistence,persistence,0.00855452834598426,0.00855452834598426,0.008455629280645487,0.008455629280645487,43,58,2016-04-14 07:10:01.000000,0.00815769449464891,0.008753564066642064,True,0.00029793478599657655
2016-04-14 07:10:01.000000,2016-04-14 07:10:01.000000,58,61,2016-04-14 07:12:06.000000,3,2.083333333333333,direct_ridge,direct_ridge,0.00855452834598426,0.00855452834598426,0.008545568733180693,0.008545568733180693,43,58,2016-04-14 07:10:01.000000,0.008272362261335226,0.00881877520502616,True,0.000273206471845467
2016-04-14 07:11:24.333333,2016-04-14 07:11:24.333333,60,63,2016-04-14 07:13:29.333333,3,2.083333333333333,persistence,persistence,0.008481635408458161,0.008481635408458161,0.008525902201518866,0.008525902201518866,45,60,2016-04-14 07:11:24.333333,0.00822796741552229,0.008823836987515443,True,0.00029793478599657655
2016-04-14 07:11:24.333333,2016-04-14 07:11:24.333333,60,63,2016-04-14 07:13:29.333333,3,2.083333333333333,direct_ridge,direct_ridge,0.008481635408458161,0.008481635408458161,0.008637265398896305,0.008637265398896305,45,60,2016-04-14 07:11:24.333333,0.008364058927050838,0.008910471870741772,True,0.000273206471845467
2016-04-14 07:12:47.666667,2016-04-14 07:12:47.666667,62,65,2016-04-14 07:14:52.666667,3,2.083333333333333,persistence,persistence,0.008476270600793956,0.008476270600793956,0.008541567255413487,0.008541567255413487,47,62,2016-04-14 07:12:47.666667,0.00824363246941691,0.008839502041410064,True,0.00029793478599657655
2016-04-14 07:12:47.666667,2016-04-14 07:12:47.666667,62,65,2016-04-14 07:14:52.666667,3,2.083333333333333,direct_ridge,direct_ridge,0.008476270600793956,0.008476270600793956,0.008617802252759798,0.008617802252759798,47,62,2016-04-14 07:12:47.666667,0.008344595780914331,0.008891008724605265,True,0.000273206471845467
2016-04-14 07:14:11.000000,2016-04-14 07:14:11.000000,64,67,2016-04-14 07:16:16.000000,3,2.083333333333333,persistence,persistence,0.008569115031265121,0.008569115031265121,0.008534916236281937,0.008534916236281937,49,64,2016-04-14 07:14:11.000000,0.008314295485525485,0.008755536987038388,True,0.0002206207507564513
2016-04-14 07:14:11.000000,2016-04-14 07:14:11.000000,64,67,2016-04-14 07:16:16.000000,3,2.083333333333333,direct_ridge,direct_ridge,0.008569115031265121,0.008569115031265121,0.008542818830861963,0.008542818830861963,49,64,2016-04-14 07:14:11.000000,0.008298789601810541,0.008786848059913385,True,0.0002440292290514217
2016-04-14 07:15:34.333333,2016-04-14 07:15:34.333333,66,69,2016-04-14 07:17:39.333333,3,2.083333333333333,persistence,persistence,0.008606310193791952,0.008606310193791952,0.008448975830169072,0.008448975830169072,51,66,2016-04-14 07:15:34.333333,0.00822835507941262,0.008669596580925523,True,0.0002206207507564513
2016-04-14 07:15:34.333333,2016-04-14 07:15:34.333333,66,69,2016-04-14 07:17:39.333333,3,2.083333333333333,direct_ridge,direct_ridge,0.008606310193791952,0.008606310193791952,0.008517142893874894,0.008517142893874894,51,66,2016-04-14 07:15:34.333333,0.008273113664823473,0.008761172122926316,True,0.0002440292290514217
2016-04-14 07:16:57.666667,2016-04-14 07:16:57.666667,68,71,2016-04-14 07:19:02.666667,3,2.083333333333333,persistence,persistence,0.00860848371966795,0.00860848371966795,0.008571571970593746,0.008571571970593746,53,68,2016-04-14 07:16:57.666667,0.008350951219837295,0.008792192721350197,True,0.0002206207507564513
2016-04-14 07:16:57.666667,2016-04-14 07:16:57.666667,68,71,2016-04-14 07:19:02.666667,3,2.083333333333333,direct_ridge,direct_ridge,0.00860848371966795,0.00860848371966795,0.008570935360125938,0.008570935360125938,53,68,2016-04-14 07:16:57.666667,0.008326906131074516,0.00881496458917736,True,0.0002440292290514217
2016-04-14 07:18:21.000000,2016-04-14 07:18:21.000000,70,73,2016-04-14 07:20:26.000000,3,2.083333333333333,persistence,persistence,0.008602879725602395,0.008602879725602395,0.008595058430105322,0.008595058430105322,55,70,2016-04-14 07:18:21.000000,0.00837443767934887,0.008815679180861773,True,0.0002206207507564513
2016-04-14 07:18:21.000000,2016-04-14 07:18:21.000000,70,73,2016-04-14 07:20:26.000000,3,2.083333333333333,direct_ridge,direct_ridge,0.008602879725602395,0.008602879725602395,0.008541126953493681,0.008541126953493681,55,70,2016-04-14 07:18:21.000000,0.00829709772444226,0.008785156182545103,True,0.0002440292290514217
2016-04-14 07:19:44.333333,2016-04-14 07:19:44.333333,72,75,2016-04-14 07:21:49.333333,3,2.083333333333333,persistence,persistence,0.008545881158891181,0.008545881158891181,0.008608719807671491,0.008608719807671491,57,72,2016-04-14 07:19:44.333333,0.00838809905691504,0.008829340558427943,True,0.0002206207507564513
2016-04-14 07:19:44.333333,2016-04-14 07:19:44.333333,72,75,2016-04-14 07:21:49.333333,3,2.083333333333333,direct_ridge,direct_ridge,0.008545881158891181,0.008545881158891181,0.008545290188149562,0.008545290188149562,57,72,2016-04-14 07:19:44.333333,0.00830126095909814,0.008789319417200984,True,0.0002440292290514217
2016-04-14 07:21:07.666667,2016-04-14 07:21:07.666667,74,77,2016-04-14 07:23:12.666667,3,2.083333333333333,persistence,persistence,0.008551452117752543,0.008551452117752543,0.008588254796857679,0.008588254796857679,59,74,2016-04-14 07:21:07.666667,0.008373201916267012,0.008803307677448345,True,0.00021505288059066666
2016-04-14 07:21:07.666667,2016-04-14 07:21:07.666667,74,77,2016-04-14 07:23:12.666667,3,2.083333333333333,direct_ridge,direct_ridge,0.008551452117752543,0.008551452117752543,0.008540224398341628,0.008540224398341628,59,74,2016-04-14 07:21:07.666667,0.008331683639483603,0.008748765157199653,True,0.00020854075885802514
2016-04-14 07:22:31.000000,2016-04-14 07:22:31.000000,76,79,2016-04-14 07:24:36.000000,3,2.083333333333333,persistence,persistence,0.008478204666831676,0.008478204666831676,0.008512946838857265,0.008512946838857265,61,76,2016-04-14 07:22:31.000000,0.008297893958266599,0.008727999719447932,True,0.00021505288059066666
2016-04-14 07:22:31.000000,2016-04-14 07:22:31.000000,76,79,2016-04-14 07:24:36.000000,3,2.083333333333333,direct_ridge,direct_ridge,0.008478204666831676,0.008478204666831676,0.008525705666048974,0.008525705666048974,61,76,2016-04-14 07:22:31.000000,0.00831716490719095,0.008734246424907,True,0.00020854075885802514
2016-04-14 07:23:54.333333,2016-04-14 07:23:54.333333,78,81,2016-04-14 07:25:59.333333,3,2.083333333333333,persistence,persistence,0.008459879137730525,0.008459879137730525,0.008541818514793006,0.008541818514793006,63,78,2016-04-14 07:23:54.333333,0.00832676563420234,0.008756871395383673,True,0.00021505288059066666
2016-04-14 07:23:54.333333,2016-04-14 07:23:54.333333,78,81,2016-04-14 07:25:59.333333,3,2.083333333333333,direct_ridge,direct_ridge,0.008459879137730525,0.008459879137730525,0.008565872958845748,0.008565872958845748,63,78,2016-04-14 07:23:54.333333,0.008357332199987723,0.008774413717703773,True,0.00020854075885802514
2016-04-14 07:25:17.666667,2016-04-14 07:25:17.666667,80,83,2016-04-14 07:27:22.666667,3,2.083333333333333,persistence,persistence,0.008508687331816877,0.008508687331816877,0.008434592102830334,0.008434592102830334,65,80,2016-04-14 07:25:17.666667,0.008219539222239667,0.008649644983421,True,0.00021505288059066666
2016-04-14 07:25:17.666667,2016-04-14 07:25:17.666667,80,83,2016-04-14 07:27:22.666667,3,2.083333333333333,direct_ridge,direct_ridge,0.008508687331816877,0.008508687331816877,0.008520546776225938,0.008520546776225938,65,80,2016-04-14 07:25:17.666667,0.008312006017367913,0.008729087535083963,True,0.00020854075885802514
2016-04-14 07:26:41.000000,2016-04-14 07:26:41.000000,82,85,2016-04-14 07:28:46.000000,3,2.083333333333333,persistence,persistence,0.008509587843981925,0.008509587843981925,0.008534904401049693,0.008534904401049693,67,82,2016-04-14 07:26:41.000000,0.008319851520459026,0.00874995728164036,True,0.00021505288059066666
2016-04-14 07:26:41.000000,2016-04-14 07:26:41.000000,82,85,2016-04-14 07:28:46.000000,3,2.083333333333333,direct_ridge,direct_ridge,0.008509587843981925,0.008509587843981925,0.008586067837364528,0.008586067837364528,67,82,2016-04-14 07:26:41.000000,0.008377527078506503,0.008794608596222553,True,0.00020854075885802514
2016-04-14 07:28:04.333333,2016-04-14 07:28:04.333333,84,87,2016-04-14 07:30:09.333333,3,2.083333333333333,persistence,persistence,0.008482226951264162,0.008482226951264162,0.008476699553956557,0.008476699553956557,69,84,2016-04-14 07:28:04.333333,0.008319365190333676,0.008634033917579437,True,0.00015733436362288036
2016-04-14 07:28:04.333333,2016-04-14 07:28:04.333333,84,87,2016-04-14 07:30:09.333333,3,2.083333333333333,direct_ridge,direct_ridge,0.008482226951264162,0.008482226951264162,0.008537406868752909,0.008537406868752909,69,84,2016-04-14 07:28:04.333333,0.00835324740323752,0.008721566334268299,True,0.00018415946551538984
2016-04-14 07:29:27.666667,2016-04-14 07:29:27.666667,86,89,2016-04-14 07:31:32.666667,3,2.083333333333333,persistence,persistence,0.00867309494322922,0.00867309494322922,0.008468767514552441,0.008468767514552441,71,86,2016-04-14 07:29:27.666667,0.00831143315092956,0.008626101878175321,False,0.00015733436362288036
2016-04-14 07:29:27.666667,2016-04-14 07:29:27.666667,86,89,2016-04-14 07:31:32.666667,3,2.083333333333333,direct_ridge,direct_ridge,0.00867309494322922,0.00867309494322922,0.008525078750137536,0.008525078750137536,71,86,2016-04-14 07:29:27.666667,0.008340919284622146,0.008709238215652925,True,0.00018415946551538984
2016-04-14 07:30:51.000000,2016-04-14 07:30:51.000000,88,91,2016-04-14 07:32:56.000000,3,2.083333333333333,persistence,persistence,0.008636160907057162,0.008636160907057162,0.008638623641312237,0.008638623641312237,73,88,2016-04-14 07:30:51.000000,0.008434296212635459,0.008842951069989016,True,0.00020432742867677878
2016-04-14 07:30:51.000000,2016-04-14 07:30:51.000000,88,91,2016-04-14 07:32:56.000000,3,2.083333333333333,direct_ridge,direct_ridge,0.008636160907057162,0.008636160907057162,0.008593932395670162,0.008593932395670162,73,88,2016-04-14 07:30:51.000000,0.008409772930154772,0.008778091861185552,True,0.00018415946551538984
2016-04-14 07:32:14.333333,2016-04-14 07:32:14.333333,90,93,2016-04-14 07:34:19.333333,3,2.083333333333333,persistence,persistence,0.008509851990386334,0.008509851990386334,0.008655706705500706,0.008655706705500706,75,90,2016-04-14 07:32:14.333333,0.008451379276823927,0.008860034134177484,True,0.00020432742867677878
2016-04-14 07:32:14.333333,2016-04-14 07:32:14.333333,90,93,2016-04-14 07:34:19.333333,3,2.083333333333333,direct_ridge,direct_ridge,0.008509851990386334,0.008509851990386334,0.008559783915490754,0.008559783915490754,75,90,2016-04-14 07:32:14.333333,0.008375624449975364,0.008743943381006144,True,0.00018415946551538984
2016-04-14 07:33:37.666667,2016-04-14 07:33:37.666667,92,95,2016-04-14 07:35:42.666667,3,2.083333333333333,persistence,persistence,0.008474419778966399,0.008474419778966399,0.008480119226315957,0.008480119226315957,77,92,2016-04-14 07:33:37.666667,0.008275791797639178,0.008684446654992736,True,0.00020432742867677878
2016-04-14 07:33:37.666667,2016-04-14 07:33:37.666667,92,95,2016-04-14 07:35:42.666667,3,2.083333333333333,direct_ridge,direct_ridge,0.008474419778966399,0.008474419778966399,0.008477956977074078,0.008477956977074078,77,92,2016-04-14 07:33:37.666667,0.008293797511558688,0.008662116442589468,True,0.00018415946551538984
2016-04-14 07:35:01.000000,2016-04-14 07:35:01.000000,94,97,2016-04-14 07:37:06.000000,3,2.083333333333333,persistence,persistence,0.00843158158339515,0.00843158158339515,0.008401516137762811,0.008401516137762811,79,94,2016-04-14 07:35:01.000000,0.00824418177413993,0.008558850501385691,True,0.00015733436362288036
2016-04-14 07:35:01.000000,2016-04-14 07:35:01.000000,94,97,2016-04-14 07:37:06.000000,3,2.083333333333333,direct_ridge,direct_ridge,0.00843158158339515,0.00843158158339515,0.008490527972898633,0.008490527972898633,79,94,2016-04-14 07:35:01.000000,0.008313810174947926,0.00866724577084934,True,0.0001767177979507071
2016-04-14 06:54:44.333333,2016-04-14 06:54:44.333333,36,42,2016-04-14 06:58:54.333333,6,4.166666666666666,persistence,persistence,0.008563939012531725,0.008563939012531725,0.00864772263505448,0.00864772263505448,18,36,2016-04-14 06:54:44.333333,,,,
2016-04-14 06:54:44.333333,2016-04-14 06:54:44.333333,36,42,2016-04-14 06:58:54.333333,6,4.166666666666666,direct_ridge,direct_ridge,0.008563939012531725,0.008563939012531725,0.008442339721706198,0.008442339721706198,18,36,2016-04-14 06:54:44.333333,,,,
2016-04-14 06:56:07.666667,2016-04-14 06:56:07.666667,38,44,2016-04-14 07:00:17.666667,6,4.166666666666666,persistence,persistence,0.008419545383173537,0.008419545383173537,0.008757743516465868,0.008757743516465868,20,38,2016-04-14 06:56:07.666667,,,,
2016-04-14 06:56:07.666667,2016-04-14 06:56:07.666667,38,44,2016-04-14 07:00:17.666667,6,4.166666666666666,direct_ridge,direct_ridge,0.008419545383173537,0.008419545383173537,0.00840642759639281,0.00840642759639281,20,38,2016-04-14 06:56:07.666667,,,,
2016-04-14 06:57:31.000000,2016-04-14 06:57:31.000000,40,46,2016-04-14 07:01:41.000000,6,4.166666666666666,persistence,persistence,0.008468907346916068,0.008468907346916068,0.008703305614732858,0.008703305614732858,22,40,2016-04-14 06:57:31.000000,,,,
2016-04-14 06:57:31.000000,2016-04-14 06:57:31.000000,40,46,2016-04-14 07:01:41.000000,6,4.166666666666666,direct_ridge,direct_ridge,0.008468907346916068,0.008468907346916068,0.00846610000822679,0.00846610000822679,22,40,2016-04-14 06:57:31.000000,,,,
2016-04-14 06:58:54.333333,2016-04-14 06:58:54.333333,42,48,2016-04-14 07:03:04.333333,6,4.166666666666666,persistence,persistence,0.008727074331597575,0.008727074331597575,0.008563939012531725,0.008563939012531725,24,42,2016-04-14 06:58:54.333333,,,,
2016-04-14 06:58:54.333333,2016-04-14 06:58:54.333333,42,48,2016-04-14 07:03:04.333333,6,4.166666666666666,direct_ridge,direct_ridge,0.008727074331597575,0.008727074331597575,0.008478648333808311,0.008478648333808311,24,42,2016-04-14 06:58:54.333333,,,,
2016-04-14 07:00:17.666667,2016-04-14 07:00:17.666667,44,50,2016-04-14 07:04:27.666667,6,4.166666666666666,persistence,persistence,0.008757319608492296,0.008757319608492296,0.008419545383173537,0.008419545383173537,26,44,2016-04-14 07:00:17.666667,,,,
2016-04-14 07:00:17.666667,2016-04-14 07:00:17.666667,44,50,2016-04-14 07:04:27.666667,6,4.166666666666666,direct_ridge,direct_ridge,0.008757319608492296,0.008757319608492296,0.008617305399615947,0.008617305399615947,26,44,2016-04-14 07:00:17.666667,,,,
2016-04-14 07:01:41.000000,2016-04-14 07:01:41.000000,46,52,2016-04-14 07:05:51.000000,6,4.166666666666666,persistence,persistence,0.008578950311452246,0.008578950311452246,0.008468907346916068,0.008468907346916068,28,46,2016-04-14 07:01:41.000000,,,,
2016-04-14 07:01:41.000000,2016-04-14 07:01:41.000000,46,52,2016-04-14 07:05:51.000000,6,4.166666666666666,direct_ridge,direct_ridge,0.008578950311452246,0.008578950311452246,0.0086707596618125,0.0086707596618125,28,46,2016-04-14 07:01:41.000000,,,,
2016-04-14 07:03:04.333333,2016-04-14 07:03:04.333333,48,54,2016-04-14 07:07:14.333333,6,4.166666666666666,persistence,persistence,0.008491783732582883,0.008491783732582883,0.008727074331597575,0.008727074331597575,30,48,2016-04-14 07:03:04.333333,,,,
2016-04-14 07:03:04.333333,2016-04-14 07:03:04.333333,48,54,2016-04-14 07:07:14.333333,6,4.166666666666666,direct_ridge,direct_ridge,0.008491783732582883,0.008491783732582883,0.00869360973334106,0.00869360973334106,30,48,2016-04-14 07:03:04.333333,,,,
2016-04-14 07:04:27.666667,2016-04-14 07:04:27.666667,50,56,2016-04-14 07:08:37.666667,6,4.166666666666666,persistence,persistence,0.008551909450126934,0.008551909450126934,0.008757319608492296,0.008757319608492296,32,50,2016-04-14 07:04:27.666667,,,,
2016-04-14 07:04:27.666667,2016-04-14 07:04:27.666667,50,56,2016-04-14 07:08:37.666667,6,4.166666666666666,direct_ridge,direct_ridge,0.008551909450126934,0.008551909450126934,0.008735801267372341,0.008735801267372341,32,50,2016-04-14 07:04:27.666667,,,,
2016-04-14 07:05:51.000000,2016-04-14 07:05:51.000000,52,58,2016-04-14 07:10:01.000000,6,4.166666666666666,persistence,persistence,0.008455629280645487,0.008455629280645487,0.008578950311452246,0.008578950311452246,34,52,2016-04-14 07:05:51.000000,,,,
2016-04-14 07:05:51.000000,2016-04-14 07:05:51.000000,52,58,2016-04-14 07:10:01.000000,6,4.166666666666666,direct_ridge,direct_ridge,0.008455629280645487,0.008455629280645487,0.008832289794217643,0.008832289794217643,34,52,2016-04-14 07:05:51.000000,,,,
2016-04-14 07:07:14.333333,2016-04-14 07:07:14.333333,54,60,2016-04-14 07:11:24.333333,6,4.166666666666666,persistence,persistence,0.008525902201518866,0.008525902201518866,0.008491783732582883,0.008491783732582883,36,54,2016-04-14 07:07:14.333333,,,,
2016-04-14 07:07:14.333333,2016-04-14 07:07:14.333333,54,60,2016-04-14 07:11:24.333333,6,4.166666666666666,direct_ridge,direct_ridge,0.008525902201518866,0.008525902201518866,0.008701209939034052,0.008701209939034052,36,54,2016-04-14 07:07:14.333333,,,,
2016-04-14 07:08:37.666667,2016-04-14 07:08:37.666667,56,62,2016-04-14 07:12:47.666667,6,4.166666666666666,persistence,persistence,0.008541567255413487,0.008541567255413487,0.008551909450126934,0.008551909450126934,38,56,2016-04-14 07:08:37.666667,0.008213711316834602,0.008890107583419266,True,0.00033819813329233166
2016-04-14 07:08:37.666667,2016-04-14 07:08:37.666667,56,62,2016-04-14 07:12:47.666667,6,4.166666666666666,direct_ridge,direct_ridge,0.008541567255413487,0.008541567255413487,0.008541880988802068,0.008541880988802068,38,56,2016-04-14 07:08:37.666667,0.008165220475229912,0.008918541502374224,True,0.00037666051357215617
2016-04-14 07:10:01.000000,2016-04-14 07:10:01.000000,58,64,2016-04-14 07:14:11.000000,6,4.166666666666666,persistence,persistence,0.008534916236281937,0.008534916236281937,0.008455629280645487,0.008455629280645487,40,58,2016-04-14 07:10:01.000000,0.008117431147353155,0.008793827413937819,True,0.00033819813329233166
2016-04-14 07:10:01.000000,2016-04-14 07:10:01.000000,58,64,2016-04-14 07:14:11.000000,6,4.166666666666666,direct_ridge,direct_ridge,0.008534916236281937,0.008534916236281937,0.00861101718030793,0.00861101718030793,40,58,2016-04-14 07:10:01.000000,0.008234356666735774,0.008987677693880087,True,0.00037666051357215617
2016-04-14 07:11:24.333333,2016-04-14 07:11:24.333333,60,66,2016-04-14 07:15:34.333333,6,4.166666666666666,persistence,persistence,0.008448975830169072,0.008448975830169072,0.008525902201518866,0.008525902201518866,42,60,2016-04-14 07:11:24.333333,0.008187704068226534,0.008864100334811198,True,0.00033819813329233166
2016-04-14 07:11:24.333333,2016-04-14 07:11:24.333333,60,66,2016-04-14 07:15:34.333333,6,4.166666666666666,direct_ridge,direct_ridge,0.008448975830169072,0.008448975830169072,0.008601488733969605,0.008601488733969605,42,60,2016-04-14 07:11:24.333333,0.008224828220397449,0.008978149247541761,True,0.00037666051357215617
2016-04-14 07:12:47.666667,2016-04-14 07:12:47.666667,62,68,2016-04-14 07:16:57.666667,6,4.166666666666666,persistence,persistence,0.008571571970593746,0.008571571970593746,0.008541567255413487,0.008541567255413487,44,62,2016-04-14 07:12:47.666667,0.008203369122121155,0.008879765388705819,True,0.00033819813329233166
2016-04-14 07:12:47.666667,2016-04-14 07:12:47.666667,62,68,2016-04-14 07:16:57.666667,6,4.166666666666666,direct_ridge,direct_ridge,0.008571571970593746,0.008571571970593746,0.008600291396824267,0.008600291396824267,44,62,2016-04-14 07:12:47.666667,0.008223630883252111,0.008976951910396424,True,0.00037666051357215617
2016-04-14 07:14:11.000000,2016-04-14 07:14:11.000000,64,70,2016-04-14 07:18:21.000000,6,4.166666666666666,persistence,persistence,0.008595058430105322,0.008595058430105322,0.008534916236281937,0.008534916236281937,46,64,2016-04-14 07:14:11.000000,0.008197142010963178,0.008872690461600696,True,0.0003377742253187592
2016-04-14 07:14:11.000000,2016-04-14 07:14:11.000000,64,70,2016-04-14 07:18:21.000000,6,4.166666666666666,direct_ridge,direct_ridge,0.008595058430105322,0.008595058430105322,0.008556635356796722,0.008556635356796722,46,64,2016-04-14 07:14:11.000000,0.008308209359007458,0.008805061354585987,True,0.00024842599778926444
2016-04-14 07:15:34.333333,2016-04-14 07:15:34.333333,66,72,2016-04-14 07:19:44.333333,6,4.166666666666666,persistence,persistence,0.008608719807671491,0.008608719807671491,0.008448975830169072,0.008448975830169072,48,66,2016-04-14 07:15:34.333333,0.008111201604850312,0.00878675005548783,True,0.0003377742253187592
2016-04-14 07:15:34.333333,2016-04-14 07:15:34.333333,66,72,2016-04-14 07:19:44.333333,6,4.166666666666666,direct_ridge,direct_ridge,0.008608719807671491,0.008608719807671491,0.008573367301604237,0.008573367301604237,48,66,2016-04-14 07:15:34.333333,0.008324941303814972,0.008821793299393501,True,0.00024842599778926444
2016-04-14 07:16:57.666667,2016-04-14 07:16:57.666667,68,74,2016-04-14 07:21:07.666667,6,4.166666666666666,persistence,persistence,0.008588254796857679,0.008588254796857679,0.008571571970593746,0.008571571970593746,50,68,2016-04-14 07:16:57.666667,0.008233797745274987,0.008909346195912505,True,0.0003377742253187592
2016-04-14 07:16:57.666667,2016-04-14 07:16:57.666667,68,74,2016-04-14 07:21:07.666667,6,4.166666666666666,direct_ridge,direct_ridge,0.008588254796857679,0.008588254796857679,0.008545192055842336,0.008545192055842336,50,68,2016-04-14 07:16:57.666667,0.008296766058053072,0.0087936180536316,True,0.00024842599778926444
2016-04-14 07:18:21.000000,2016-04-14 07:18:21.000000,70,76,2016-04-14 07:22:31.000000,6,4.166666666666666,persistence,persistence,0.008512946838857265,0.008512946838857265,0.008595058430105322,0.008595058430105322,52,70,2016-04-14 07:18:21.000000,0.008257284204786563,0.008932832655424081,True,0.0003377742253187592
2016-04-14 07:18:21.000000,2016-04-14 07:18:21.000000,70,76,2016-04-14 07:22:31.000000,6,4.166666666666666,direct_ridge,direct_ridge,0.008512946838857265,0.008512946838857265,0.008530243625042096,0.008530243625042096,52,70,2016-04-14 07:18:21.000000,0.008281817627252832,0.00877866962283136,True,0.00024842599778926444
2016-04-14 07:19:44.333333,2016-04-14 07:19:44.333333,72,78,2016-04-14 07:23:54.333333,6,4.166666666666666,persistence,persistence,0.008541818514793006,0.008541818514793006,0.008608719807671491,0.008608719807671491,54,72,2016-04-14 07:19:44.333333,0.008270945582352732,0.00894649403299025,True,0.0003377742253187592
2016-04-14 07:19:44.333333,2016-04-14 07:19:44.333333,72,78,2016-04-14 07:23:54.333333,6,4.166666666666666,direct_ridge,direct_ridge,0.008541818514793006,0.008541818514793006,0.008518504152534663,0.008518504152534663,54,72,2016-04-14 07:19:44.333333,0.008270078154745399,0.008766930150323928,True,0.00024842599778926444
2016-04-14 07:21:07.666667,2016-04-14 07:21:07.666667,74,80,2016-04-14 07:25:17.666667,6,4.166666666666666,persistence,persistence,0.008434592102830334,0.008434592102830334,0.008588254796857679,0.008588254796857679,56,74,2016-04-14 07:21:07.666667,0.008352964197842986,0.008823545395872372,True,0.00023529059901469286
2016-04-14 07:21:07.666667,2016-04-14 07:21:07.666667,74,80,2016-04-14 07:25:17.666667,6,4.166666666666666,direct_ridge,direct_ridge,0.008434592102830334,0.008434592102830334,0.008548734605809152,0.008548734605809152,56,74,2016-04-14 07:21:07.666667,0.008346908605050975,0.008750560606567329,True,0.00020182600075817694
2016-04-14 07:22:31.000000,2016-04-14 07:22:31.000000,76,82,2016-04-14 07:26:41.000000,6,4.166666666666666,persistence,persistence,0.008534904401049693,0.008534904401049693,0.008512946838857265,0.008512946838857265,58,76,2016-04-14 07:22:31.000000,0.008277656239842572,0.008748237437871958,True,0.00023529059901469286
2016-04-14 07:22:31.000000,2016-04-14 07:22:31.000000,76,82,2016-04-14 07:26:41.000000,6,4.166666666666666,direct_ridge,direct_ridge,0.008534904401049693,0.008534904401049693,0.008574316863488734,0.008574316863488734,58,76,2016-04-14 07:22:31.000000,0.008372490862730557,0.00877614286424691,True,0.00020182600075817694
2016-04-14 07:23:54.333333,2016-04-14 07:23:54.333333,78,84,2016-04-14 07:28:04.333333,6,4.166666666666666,persistence,persistence,0.008476699553956557,0.008476699553956557,0.008541818514793006,0.008541818514793006,60,78,2016-04-14 07:23:54.333333,0.008306527915778314,0.0087771091138077,True,0.00023529059901469286
2016-04-14 07:23:54.333333,2016-04-14 07:23:54.333333,78,84,2016-04-14 07:28:04.333333,6,4.166666666666666,direct_ridge,direct_ridge,0.008476699553956557,0.008476699553956557,0.008560935179621391,0.008560935179621391,60,78,2016-04-14 07:23:54.333333,0.008359109178863214,0.008762761180379568,True,0.00020182600075817694
2016-04-14 07:25:17.666667,2016-04-14 07:25:17.666667,80,86,2016-04-14 07:29:27.666667,6,4.166666666666666,persistence,persistence,0.008468767514552441,0.008468767514552441,0.008434592102830334,0.008434592102830334,62,80,2016-04-14 07:25:17.666667,0.008199301503815641,0.008669882701845027,True,0.00023529059901469286
2016-04-14 07:25:17.666667,2016-04-14 07:25:17.666667,80,86,2016-04-14 07:29:27.666667,6,4.166666666666666,direct_ridge,direct_ridge,0.008468767514552441,0.008468767514552441,0.00859939215635866,0.00859939215635866,62,80,2016-04-14 07:25:17.666667,0.008397566155600483,0.008801218157116836,True,0.00020182600075817694
2016-04-14 07:26:41.000000,2016-04-14 07:26:41.000000,82,88,2016-04-14 07:30:51.000000,6,4.166666666666666,persistence,persistence,0.008638623641312237,0.008638623641312237,0.008534904401049693,0.008534904401049693,64,82,2016-04-14 07:26:41.000000,0.008299613802035,0.008770195000064386,True,0.00023529059901469286
2016-04-14 07:26:41.000000,2016-04-14 07:26:41.000000,82,88,2016-04-14 07:30:51.000000,6,4.166666666666666,direct_ridge,direct_ridge,0.008638623641312237,0.008638623641312237,0.008560276298360649,0.008560276298360649,64,82,2016-04-14 07:26:41.000000,0.008358450297602472,0.008762102299118826,True,0.00020182600075817694
2016-04-14 07:28:04.333333,2016-04-14 07:28:04.333333,84,90,2016-04-14 07:32:14.333333,6,4.166666666666666,persistence,persistence,0.008655706705500706,0.008655706705500706,0.008476699553956557,0.008476699553956557,66,84,2016-04-14 07:28:04.333333,0.008242301286139767,0.008711097821773347,True,0.00023439826781678982
2016-04-14 07:28:04.333333,2016-04-14 07:28:04.333333,84,90,2016-04-14 07:32:14.333333,6,4.166666666666666,direct_ridge,direct_ridge,0.008655706705500706,0.008655706705500706,0.008584180125330463,0.008584180125330463,66,84,2016-04-14 07:28:04.333333,0.008400288308085056,0.00876807194257587,True,0.00018389181724540703
2016-04-14 07:29:27.666667,2016-04-14 07:29:27.666667,86,92,2016-04-14 07:33:37.666667,6,4.166666666666666,persistence,persistence,0.008480119226315957,0.008480119226315957,0.008468767514552441,0.008468767514552441,68,86,2016-04-14 07:29:27.666667,0.008234369246735651,0.00870316578236923,True,0.00023439826781678982
2016-04-14 07:29:27.666667,2016-04-14 07:29:27.666667,86,92,2016-04-14 07:33:37.666667,6,4.166666666666666,direct_ridge,direct_ridge,0.008480119226315957,0.008480119226315957,0.008561191132865482,0.008561191132865482,68,86,2016-04-14 07:29:27.666667,0.008377299315620075,0.008745082950110889,True,0.00018389181724540703
2016-04-14 07:30:51.000000,2016-04-14 07:30:51.000000,88,94,2016-04-14 07:35:01.000000,6,4.166666666666666,persistence,persistence,0.008401516137762811,0.008401516137762811,0.008638623641312237,0.008638623641312237,70,88,2016-04-14 07:30:51.000000,0.008404225373495448,0.008873021909129027,False,0.00023439826781678982
2016-04-14 07:30:51.000000,2016-04-14 07:30:51.000000,88,94,2016-04-14 07:35:01.000000,6,4.166666666666666,direct_ridge,direct_ridge,0.008401516137762811,0.008401516137762811,0.008524343631917699,0.008524343631917699,70,88,2016-04-14 07:30:51.000000,0.008340451814672292,0.008708235449163106,True,0.00018389181724540703
2016-04-14 07:32:14.333333,2016-04-14 07:32:14.333333,90,96,2016-04-14 07:36:24.333333,6,4.166666666666666,persistence,persistence,0.008456118335658114,0.008456118335658114,0.008655706705500706,0.008655706705500706,72,90,2016-04-14 07:32:14.333333,0.008420416106486013,0.008890997304515398,True,0.00023529059901469286
2016-04-14 07:32:14.333333,2016-04-14 07:32:14.333333,90,96,2016-04-14 07:36:24.333333,6,4.166666666666666,direct_ridge,direct_ridge,0.008456118335658114,0.008456118335658114,0.00851845202959831,0.00851845202959831,72,90,2016-04-14 07:32:14.333333,0.008334560212352902,0.008702343846843716,True,0.00018389181724540703
2016-04-14 07:33:37.666667,2016-04-14 07:33:37.666667,92,98,2016-04-14 07:37:47.666667,6,4.166666666666666,persistence,persistence,0.008494709357538014,0.008494709357538014,0.008480119226315957,0.008480119226315957,74,92,2016-04-14 07:33:37.666667,0.008244828627301264,0.00871540982533065,True,0.00023529059901469286
2016-04-14 07:33:37.666667,2016-04-14 07:33:37.666667,92,98,2016-04-14 07:37:47.666667,6,4.166666666666666,direct_ridge,direct_ridge,0.008494709357538014,0.008494709357538014,0.00853295496062216,0.00853295496062216,74,92,2016-04-14 07:33:37.666667,0.008349063143376753,0.008716846777867568,True,0.00018389181724540703
2016-04-14 07:35:01.000000,2016-04-14 07:35:01.000000,94,100,2016-04-14 07:39:11.000000,6,4.166666666666666,persistence,persistence,0.008378817133103502,0.008378817133103502,0.008401516137762811,0.008401516137762811,76,94,2016-04-14 07:35:01.000000,0.008167117869946021,0.008635914405579601,True,0.00023439826781678982
2016-04-14 07:35:01.000000,2016-04-14 07:35:01.000000,94,100,2016-04-14 07:39:11.000000,6,4.166666666666666,direct_ridge,direct_ridge,0.008378817133103502,0.008378817133103502,0.008593957452954982,0.008593957452954982,76,94,2016-04-14 07:35:01.000000,0.008418649715439796,0.008769265190470167,False,0.00017530773751518562
