candidate_id,SMILES,predicted_pIC50,predicted_IC50_nM,activity_uncertainty_outer_fold_sd,Caco-2_probability,Caco-2_probability_outer_fold_sd,Caco-2_threshold,Caco-2_class,CYP3A4_probability,CYP3A4_probability_outer_fold_sd,CYP3A4_threshold,CYP3A4_class,hERG_probability,hERG_probability_outer_fold_sd,hERG_threshold,hERG_class,HOB_probability,HOB_probability_outer_fold_sd,HOB_threshold,HOB_class,MN_probability,MN_probability_outer_fold_sd,MN_threshold,MN_class,source_design_type,descriptor_valid,ad_activity_distance,ad_activity_range_violations,ad_activity_pass_q95,ad_Caco_2_distance,ad_Caco_2_range_violations,ad_Caco_2_pass_q95,ad_CYP3A4_distance,ad_CYP3A4_range_violations,ad_CYP3A4_pass_q95,ad_hERG_distance,ad_hERG_range_violations,ad_hERG_pass_q95,ad_HOB_distance,ad_HOB_range_violations,ad_HOB_pass_q95,ad_MN_distance,ad_MN_range_violations,ad_MN_pass_q95,applicability_domain_status,Caco-2_favorable_primary,Caco-2_favorable_alternate,CYP3A4_favorable_primary,CYP3A4_favorable_alternate,hERG_favorable_primary,hERG_favorable_alternate,HOB_favorable_primary,HOB_favorable_alternate,MN_favorable_primary,MN_favorable_alternate,favorable_count_primary,favorable_count_cyp3a4_alternate,admet_hard_gate_primary,admet_hard_gate_cyp3a4_alternate,hard_feasibility,conservative_activity_objective,final_disposition
TEST001,COc1cc(OC)cc(\C=C\c2ccc(OS(=O)(=O)[C@@H]3C[C@@H]4O[C@H]3C(=C4c5ccc(O)cc5)c6ccc(O)cc6)cc2)c1,7.861769097913357,13.747727084868176,0.2072762345599808,2.8285377067860738e-05,2.159650640198615e-05,0.4699999999999999,0,0.9999768470279349,7.520847602949821e-06,0.3999999999999999,1,1.0,0.0,0.5099999999999999,1,0.0,0.0,0.21999999999999997,0,1.0,0.012807362311559175,0.6699999999999999,1,OBSERVED_TEST_COMPOUND,True,0.0,0,True,0.0,0,True,0.0,0,True,0.0,0,True,0.0,0,True,1.538985310477979e-08,0,True,PASS,False,False,True,False,False,False,False,False,False,False,1,0,False,False,False,7.654492863353377,FAIL_ADMET_HARD_GATE
TEST002,OC(=O)\C=C\c1ccc(cc1)C2=C(CCOc3ccccc23)c4ccc(O)cc4,7.66863394778534,21.446975329422518,0.3000293239898279,0.1844393086923177,0.017071153275895912,0.4699999999999999,0,0.5852053043871501,0.1321878063081651,0.3999999999999999,1,0.5928571428571429,0.09071709781918014,0.5099999999999999,1,0.014285714285714285,0.011736911946539273,0.21999999999999997,0,0.8857142857142857,0.06060439952266011,0.6699999999999999,1,OBSERVED_TEST_COMPOUND,True,0.31095573741615834,0,True,0.10981553617962656,0,True,0.12203475211655679,0,True,0.16323985583008097,0,True,0.21435277402946468,0,True,0.309503745801054,0,True,PASS,False,False,True,False,False,False,False,False,False,False,1,0,False,False,False,7.368604623795512,FAIL_ADMET_HARD_GATE
TEST003,COc1ccc2C(=C(CCOc2c1)c3ccc(O)cc3)c4ccc(\C=C\C(=O)O)cc4,7.49598326462323,31.916608421978076,0.13856154550724437,0.16553893373298395,0.0181539158360944,0.4699999999999999,0,0.8929402189436155,0.04261343038572972,0.3999999999999999,1,0.8857142857142857,0.08466621136521213,0.5099999999999999,1,0.014285714285714285,0.012975644374703535,0.21999999999999997,0,0.9857142857142858,0.027819408512214667,0.6699999999999999,1,OBSERVED_TEST_COMPOUND,True,0.3254545475696742,0,True,0.08817516580089445,0,True,0.11557480218991958,0,True,0.1301568795024728,0,True,0.19705259341216483,0,True,0.2171252688641711,0,True,PASS,False,False,True,False,False,False,False,False,False,False,1,0,False,False,False,7.357421719115986,FAIL_ADMET_HARD_GATE
TEST004,OC(=O)\C=C\c1ccc(cc1)C2=C(CCOc3cc(F)ccc23)c4ccc(O)cc4,7.546574803475366,28.406988569880294,0.18441522401293112,0.08027583679511659,0.011897449612091032,0.4699999999999999,0,0.757300456268697,0.08226361781138851,0.3999999999999999,1,0.65,0.07142857142857144,0.5099999999999999,1,0.02142857142857143,0.028571428571428567,0.21999999999999997,0,0.9857142857142858,0.02208491515347985,0.6699999999999999,1,OBSERVED_TEST_COMPOUND,True,0.3467893511555717,0,True,0.10409543266314955,0,True,0.12096815495447862,0,True,0.118880460214064,0,True,0.2113781377191085,0,True,0.17472057224667015,0,True,PASS,False,False,True,False,False,False,False,False,False,False,1,0,False,False,False,7.362159579462435,FAIL_ADMET_HARD_GATE
TEST005,OC(=O)\C=C\c1ccc(cc1)C2=C(CCSc3cc(F)ccc23)c4ccc(O)cc4,7.723557937515869,18.89914088375626,0.285164712351673,0.03332512999535627,0.009901362555049578,0.4699999999999999,0,0.7717003086189727,0.13373437960079426,0.3999999999999999,1,0.7214285714285714,0.0545388833394888,0.5099999999999999,1,0.014285714285714285,0.01862629258629328,0.21999999999999997,0,0.9642857142857143,0.042414288127724756,0.6699999999999999,1,OBSERVED_TEST_COMPOUND,True,0.19727378305839238,0,True,0.14507101132320566,0,True,0.12962650764894879,0,True,0.2033137013997775,0,True,0.19781008775462827,0,True,0.3129501739041664,0,True,PASS,False,False,True,False,False,False,False,False,False,False,1,0,False,False,False,7.438393225164196,FAIL_ADMET_HARD_GATE
TEST006,CC(=O)\C=C\c1ccc(cc1)C2=C(CCOc3cc(F)ccc23)c4ccc(O)cc4,7.453150793495259,35.224854387997034,0.2128911879865685,0.16073637580583197,0.01977934779657799,0.4699999999999999,0,0.6811507961189266,0.08970294974521907,0.3999999999999999,1,0.8142857142857143,0.06631711079105808,0.5099999999999999,1,0.11428571428571428,0.08998299159013444,0.21999999999999997,0,0.8857142857142857,0.05764375266936404,0.6699999999999999,1,OBSERVED_TEST_COMPOUND,True,0.2785007637317041,0,True,0.12139384430741804,0,True,0.10903732272252033,0,True,0.15957371783529306,0,True,0.3265167537604433,0,True,0.3825390361307031,0,True,PASS,False,False,True,False,False,False,False,False,False,False,1,0,False,False,False,7.24025960550869,FAIL_ADMET_HARD_GATE
TEST007,Oc1ccc(cc1)C2=C(c3ccc(\C=C\c4ccccc4)cc3)c5ccc(F)cc5OCC2,7.000139284827919,99.96793362551647,0.12025997050041709,0.021313837939885952,0.007466224000612007,0.4699999999999999,0,0.7580739530082076,0.06630506178843507,0.3999999999999999,1,0.8571428571428571,0.023364896048280154,0.5099999999999999,1,0.014285714285714285,0.023904572186687872,0.21999999999999997,0,0.8,0.10109398173244859,0.6699999999999999,1,OBSERVED_TEST_COMPOUND,True,0.5728255497046814,0,False,0.24749088674255199,0,False,0.15714526887777383,0,True,0.331397074079964,0,False,0.27908799062431117,0,True,0.501477633818193,0,False,FAIL,False,False,True,False,False,False,False,False,False,False,1,0,False,False,False,6.8798793143275025,OUTSIDE_APPLICABILITY_DOMAIN
TEST008,Oc1ccc(cc1)C2=C(c3ccc(\C=C\C(=O)c4ccccc4)cc3)c5ccc(F)cc5OCC2,6.892251733099927,128.15875119301276,0.16396596875613992,0.004123560068651906,0.0019487536504137894,0.4699999999999999,0,0.8676498693501219,0.03623603496711246,0.3999999999999999,1,0.6714285714285714,0.0545388833394888,0.5099999999999999,1,0.12857142857142856,0.12295262070722815,0.21999999999999997,0,0.8857142857142857,0.044016425111496275,0.6699999999999999,1,OBSERVED_TEST_COMPOUND,True,0.5039918740185299,0,False,0.29751697124005855,0,False,0.1794269276046275,0,True,0.31577255735323084,0,False,0.25139608892736465,0,True,0.46369786844347666,0,True,FAIL,False,False,True,False,False,False,False,False,False,False,1,0,False,False,False,6.728285764343787,OUTSIDE_APPLICABILITY_DOMAIN
TEST009,OC(=O)\C=C\C=C\c1ccc(cc1)C2=C(CCOc3cc(F)ccc23)c4ccc(O)cc4,7.370024332997192,42.6555618734051,0.130937401588786,0.027157410933793483,0.0058682436674816554,0.4699999999999999,0,0.8427221017207889,0.0548277174589256,0.3999999999999999,1,0.8714285714285714,0.08820777882306051,0.5099999999999999,1,0.04285714285714286,0.015152288168283162,0.21999999999999997,0,0.9571428571428572,0.04358586144757039,0.6699999999999999,1,OBSERVED_TEST_COMPOUND,True,0.3528687314374999,0,True,0.09525713744994337,0,True,0.0882648309712125,0,True,0.11533556218415515,0,True,0.24146443963599037,0,True,0.13977815603840446,0,True,PASS,False,False,True,False,False,False,False,False,False,False,1,0,False,False,False,7.239086931408407,FAIL_ADMET_HARD_GATE
TEST010,CCN(CC)C(=O)\C=C\c1ccc(cc1)C2=C(CCOc3cc(F)ccc23)c4ccc(O)cc4,7.198120629545016,63.369367218711055,0.16375970739213294,0.06179815060454113,0.021200962535377108,0.4699999999999999,0,0.9529184349754891,0.010650594642405892,0.3999999999999999,1,0.9142857142857143,0.040720550896397784,0.5099999999999999,1,0.06428571428571428,0.07042147167923565,0.21999999999999997,0,0.9071428571428571,0.05995381678798833,0.6699999999999999,1,OBSERVED_TEST_COMPOUND,True,0.2564667109790741,0,True,0.1310036771467397,0,True,0.12421718541404443,0,True,0.14947627884834283,0,True,0.32641710144684244,0,True,0.30790628864803254,0,True,PASS,False,False,True,False,False,False,False,False,False,False,1,0,False,False,False,7.034360922152883,FAIL_ADMET_HARD_GATE
TEST011,Oc1ccc(cc1)C2=C(c3ccc(\C=C\C(=O)N4CCCC4)cc3)c5ccc(F)cc5OCC2,7.392419266044496,40.51172481380256,0.19161986546829912,0.011826487260128232,0.0049315048971531154,0.4699999999999999,0,0.9611531673814289,0.006110875211006053,0.3999999999999999,1,0.9428571428571428,0.02082482819587606,0.5099999999999999,1,0.07857142857142857,0.10635424058210334,0.21999999999999997,0,0.9428571428571428,0.027637608985593674,0.6699999999999999,1,OBSERVED_TEST_COMPOUND,True,0.2200960279189038,0,True,0.12211014191673444,0,True,0.0978253850988433,0,True,0.1540918952917895,0,True,0.3332284002009289,0,True,0.2817323163683982,0,True,PASS,False,False,True,False,False,False,False,False,False,False,1,0,False,False,False,7.200799400576197,FAIL_ADMET_HARD_GATE
TEST012,CCN(CC)CCNC(=O)\C=C\c1ccc(cc1)C2=C(CCOc3cc(F)ccc23)c4ccc(O)cc4,7.748348904204671,17.850529199339178,0.12912173898241805,0.005377651774878517,0.0014067055772134444,0.4699999999999999,0,0.9943129934929337,0.0012960103787381244,0.3999999999999999,1,0.9785714285714285,0.009313146293146645,0.5099999999999999,1,0.02142857142857143,0.03462628469583092,0.21999999999999997,0,0.8214285714285714,0.06999018654072219,0.6699999999999999,1,OBSERVED_TEST_COMPOUND,True,0.20759906558246236,0,True,0.17541892192994413,0,True,0.15608315341353007,0,True,0.15548467457204665,0,True,0.32972176766262895,0,True,0.3545600487556213,0,True,PASS,False,False,True,False,False,False,False,False,False,False,1,0,False,False,False,7.619227165222253,FAIL_ADMET_HARD_GATE
TEST013,Oc1ccc(cc1)C2=C(c3ccc(\C=C\C(=O)N4CCNCC4)cc3)c5ccc(F)cc5OCC2,7.339263402883958,45.786410444645,0.2181296755753381,0.009379162031664778,0.002221467790525017,0.4699999999999999,0,0.9868095355995532,0.003858421689766989,0.3999999999999999,1,0.7928571428571428,0.03154200309402802,0.5099999999999999,1,0.05,0.05705350156490245,0.21999999999999997,0,0.9428571428571428,0.02162945192909165,0.6699999999999999,1,OBSERVED_TEST_COMPOUND,True,0.2942524166542198,0,True,0.11318782707126657,0,True,0.11922498807838677,0,True,0.16900473949207429,0,True,0.28999907720248846,0,True,0.25178669764414036,0,True,PASS,False,False,True,False,False,False,False,False,False,False,1,0,False,False,False,7.12113372730862,FAIL_ADMET_HARD_GATE
TEST014,CN1CCN(CC1)C(=O)\C=C\c2ccc(cc2)C3=C(CCOc4cc(F)ccc34)c5ccc(O)cc5,7.507238994591269,31.100044139383048,0.21766931840800857,0.011204037008274142,0.002331453058331487,0.4699999999999999,0,0.9951183648696921,0.0015163704048349264,0.3999999999999999,1,0.9214285714285714,0.03257644071711823,0.5099999999999999,1,0.05714285714285714,0.09548479951686294,0.21999999999999997,0,0.9285714285714286,0.03547746016861539,0.6699999999999999,1,OBSERVED_TEST_COMPOUND,True,0.24523789500437657,0,True,0.13407237350594278,0,True,0.12010820860967118,0,True,0.13951222285581816,0,True,0.2624020810752417,0,True,0.2016954959062846,0,True,PASS,False,False,True,False,False,False,False,False,False,False,1,0,False,False,False,7.289569676183261,FAIL_ADMET_HARD_GATE
TEST015,Oc1ccc(cc1)C2=C(c3ccc(\C=C\C(=O)N4CCN(Cc5ccccc5)CC4)cc3)c6ccc(F)cc6OCC2,7.804081668237396,15.700675284091835,0.16603434249349316,4.0585566279967984e-05,2.4991606479100388e-05,0.4699999999999999,0,0.9993960363937279,0.0002344870937178482,0.3999999999999999,1,0.85,0.05140872632984736,0.5099999999999999,1,0.02857142857142857,0.09741558354989897,0.21999999999999997,0,0.9857142857142858,0.05112455021780285,0.6699999999999999,1,OBSERVED_TEST_COMPOUND,True,0.3786105408429156,0,True,0.28157673315647214,0,False,0.2296740379235889,0,False,0.29585877308143144,0,False,0.29814462629596056,0,True,0.3390876881097675,0,True,FAIL,False,False,True,False,False,False,False,False,False,False,1,0,False,False,False,7.638047325743903,OUTSIDE_APPLICABILITY_DOMAIN
TEST016,Cc1ccc(cc1)N2CCN(CC2)C(=O)\C=C\c3ccc(cc3)C4=C(CCOc5cc(F)ccc45)c6ccc(O)cc6,7.780982667550857,16.558360456385614,0.17791221374395247,4.9212299870686776e-05,2.453911477695553e-05,0.4699999999999999,0,0.9994356556537412,0.00018955656461901478,0.3999999999999999,1,0.85,0.06340668863192041,0.5099999999999999,1,0.02857142857142857,0.0882656010376104,0.21999999999999997,0,0.9785714285714285,0.05418305681425332,0.6699999999999999,1,OBSERVED_TEST_COMPOUND,True,0.43874788333303283,0,False,0.2787424525558616,0,False,0.20817477009201737,0,False,0.2942871890732666,0,False,0.3000925497873461,0,True,0.35455616779531873,0,True,FAIL,False,False,True,False,False,False,False,False,False,False,1,0,False,False,False,7.603070453806905,OUTSIDE_APPLICABILITY_DOMAIN
TEST017,Oc1ccc(cc1)C2=C(c3ccc(\C=C\C(=O)Nc4ccccc4)cc3)c5ccc(F)cc5OCC2,6.825886561424444,149.31843813526098,0.16404981984422298,0.0008300457744774397,0.00038881942776052486,0.4699999999999999,0,0.9608719800613054,0.012609739662673846,0.3999999999999999,1,0.7214285714285714,0.060398337590313426,0.5099999999999999,1,0.1357142857142857,0.08666143364630344,0.21999999999999997,0,0.9642857142857143,0.014599058150071897,0.6699999999999999,1,OBSERVED_TEST_COMPOUND,True,0.4722578455792047,0,False,0.2931339863298425,0,False,0.15620030819350744,0,True,0.3251161385063867,0,False,0.3650251248104408,0,True,0.39612047808402445,0,True,FAIL,False,False,True,False,False,False,False,False,False,False,1,0,False,False,False,6.661836741580221,OUTSIDE_APPLICABILITY_DOMAIN
TEST018,OC(=O)COc1ccc(cc1)C2=C(CCOc3cc(F)ccc23)c4ccc(O)cc4,7.09462958994106,80.4211742503091,0.15823772212698498,0.0751402226972458,0.009830745344102018,0.4699999999999999,0,0.8939090576372117,0.034380656443696464,0.3999999999999999,1,0.7785714285714286,0.04672979209656034,0.5099999999999999,1,0.05,0.028838041768837645,0.21999999999999997,0,0.9428571428571428,0.049810444581222274,0.6699999999999999,1,OBSERVED_TEST_COMPOUND,True,0.3343962645547621,0,True,0.11138499014277521,0,True,0.09920002992955305,0,True,0.1354025324916251,0,True,0.2950106867903243,0,True,0.20325730094776276,0,True,PASS,False,False,True,False,False,False,False,False,False,False,1,0,False,False,False,6.936391867814075,FAIL_ADMET_HARD_GATE
TEST019,Oc1ccc(cc1)C2=C(c3ccc(C=O)cc3)c4ccc(F)cc4OCC2,7.13898144933505,72.61369733392853,0.14621520034255517,0.5086493691643766,0.03127790400258624,0.4699999999999999,1,0.37860216982958134,0.1385559357665372,0.3999999999999999,0,0.4857142857142857,0.07024011296536868,0.5099999999999999,0,0.18571428571428572,0.0731227650975413,0.21999999999999997,0,0.9214285714285714,0.0301080107231974,0.6699999999999999,1,OBSERVED_TEST_COMPOUND,True,0.2818933581248554,0,True,0.12027507585010992,0,True,0.13815968547566793,0,True,0.13255864574104964,0,True,0.26080693544166983,0,True,0.4709687422813031,0,True,PASS,True,True,False,True,True,True,False,False,False,False,2,3,False,True,False,6.9927662489924955,FAIL_ADMET_HARD_GATE
TEST020,CCC(=C(c1ccc(O)cc1)c2ccc(\C=C\C(=O)O)cc2)c3ccccc3,9.823908740944317,0.15000000000000066,1.4258951851441026,0.37926065604997655,0.01895715667344698,0.4699999999999999,0,0.1673701106312359,0.1138537697271566,0.3999999999999999,0,0.0,0.003194382824999699,0.5099999999999999,0,0.0,0.0,0.21999999999999997,0,1.0,0.17783608477814572,0.6699999999999999,1,OBSERVED_TEST_COMPOUND,True,0.0,0,True,0.0,0,True,0.0,0,True,0.0,0,True,0.0,0,True,0.0,0,True,PASS,False,False,False,True,True,True,False,False,False,False,1,2,False,False,False,8.398013555800214,FAIL_ADMET_HARD_GATE
TEST021,OC(=O)CCCOc1ccc(cc1)C2=C(CCOc3cc(F)ccc23)c4ccc(O)cc4,7.294819075787087,50.720196125565266,0.09242279073214117,0.018282969503290315,0.004187024020341647,0.4699999999999999,0,0.9574785977109342,0.011396861857920021,0.3999999999999999,1,0.8642857142857143,0.06738557951469003,0.5099999999999999,1,0.02142857142857143,0.010594569267279518,0.21999999999999997,0,0.7857142857142857,0.07901155025507378,0.6699999999999999,1,OBSERVED_TEST_COMPOUND,True,0.3517370988966445,0,True,0.11750492521283643,0,True,0.08599416894935091,0,True,0.10084683887113201,0,True,0.2596065086224768,0,True,0.2452778519216894,0,True,PASS,False,False,True,False,False,False,False,False,False,False,1,0,False,False,False,7.202396285054946,FAIL_ADMET_HARD_GATE
TEST022,COc1ccc2C(=C(CCOc2c1)c3ccc(O)cc3)c4ccc(OCC(=O)O)cc4,7.560092436694087,27.536425464456883,0.14220318246223404,0.15568651500514724,0.014776660671430698,0.4699999999999999,0,0.9575374278133377,0.015183453276237952,0.3999999999999999,1,0.8285714285714286,0.09715336077668175,0.5099999999999999,1,0.02142857142857143,0.017202277969703278,0.21999999999999997,0,0.9285714285714286,0.056061447951330425,0.6699999999999999,1,OBSERVED_TEST_COMPOUND,True,0.30613352563102914,0,True,0.05596158969522114,0,True,0.10686755609056312,0,True,0.07538942711838226,0,True,0.3140993533213071,0,True,0.25590332067937754,0,True,PASS,False,False,True,False,False,False,False,False,False,False,1,0,False,False,False,7.417889254231853,FAIL_ADMET_HARD_GATE
TEST023,CCCC(CCC)(c1ccc(O)c(C)c1)c2cccs2,6.193170552936829,640.9578149114265,0.2141898529011155,0.9879705687988866,0.0015246990697173042,0.4699999999999999,1,0.03404067021677486,0.04476744942587697,0.3999999999999999,0,0.2857142857142857,0.06612449606304638,0.5099999999999999,0,0.30714285714285716,0.05727662913351273,0.21999999999999997,1,0.25,0.08488839802439767,0.6699999999999999,0,OBSERVED_TEST_COMPOUND,True,0.40577271484260174,0,False,0.18853754036541448,0,True,0.22892340597497812,0,False,0.17838221335263085,0,True,0.34631778669173513,0,True,0.5496833477125214,0,False,FAIL,True,True,False,True,True,True,True,True,True,True,4,5,True,True,False,5.978980700035714,OUTSIDE_APPLICABILITY_DOMAIN
TEST024,CCCC(CCC)(c1ccc(O)c(C)c1)c2cc(C)cs2,6.373067083997418,423.5775324094811,0.16990416354088775,0.9916029726879351,0.001253091859960187,0.4699999999999999,1,0.10463276824838122,0.10225373814664879,0.3999999999999999,0,0.2785714285714286,0.07132134809352354,0.5099999999999999,0,0.32857142857142857,0.04021625217216928,0.21999999999999997,1,0.17142857142857143,0.06183387494593424,0.6699999999999999,0,OBSERVED_TEST_COMPOUND,True,0.3969556573074624,0,True,0.20226679977455597,0,True,0.23477928771150366,0,False,0.1953231073938646,0,True,0.3663101633779123,0,True,0.5717199489690258,0,False,FAIL,True,True,False,True,True,True,True,True,True,True,4,5,True,True,False,6.20316292045653,OUTSIDE_APPLICABILITY_DOMAIN
TEST025,CCCC(CCC)(c1ccc(O)c(C)c1)c2ccc([nH]2)C(=O)OCC,6.201222216587948,629.1841641812132,0.1413255392454522,0.9541184720970023,0.01352952738160996,0.4699999999999999,1,0.5600808933905475,0.08265834294038468,0.3999999999999999,1,0.8571428571428571,0.03513821107499667,0.5099999999999999,1,0.17142857142857143,0.10144366084941243,0.21999999999999997,0,0.30714285714285716,0.07772351399178555,0.6699999999999999,0,OBSERVED_TEST_COMPOUND,True,0.30868739837172926,0,True,0.12101845371813721,0,True,0.1128099578482633,0,True,0.16423530101553227,0,True,0.5290471213874807,0,False,0.25720022041127255,0,True,FAIL,True,True,True,False,False,False,False,False,True,True,3,2,True,False,False,6.059896677342496,OUTSIDE_APPLICABILITY_DOMAIN
TEST026,CCCC(CCC)(c1ccc(O)c(C)c1)c2ccc(C(=O)OCC)n2C,6.413679377515274,385.76304620581254,0.11549619748680284,0.9902344555643444,0.0018965217088566806,0.4699999999999999,1,0.753354496945788,0.07232064245220493,0.3999999999999999,1,0.9357142857142857,0.04225771273642582,0.5099999999999999,1,0.20714285714285716,0.11601372191887212,0.21999999999999997,0,0.35714285714285715,0.12225009607204487,0.6699999999999999,0,OBSERVED_TEST_COMPOUND,True,0.3528453500965225,0,True,0.1290301937817397,0,True,0.09051177293305727,0,True,0.16743130513464674,0,True,0.5238049943346648,0,True,0.21566699474903872,0,True,PASS,True,True,True,False,False,False,False,False,True,True,3,2,True,False,True,6.298183180028471,SELECTED_SURROGATE_BEST
TEST027,CCCC(CCC)(c1ccc(O)c(C)c1)c2c[nH]c3cc(OCc4ccccc4)ccc23,7.392984951951813,40.458991025683666,0.04190458379525764,0.1938186021788581,0.034106032576830994,0.4699999999999999,0,0.941599236854022,0.016483767572779657,0.3999999999999999,1,0.8571428571428571,0.07599677759011648,0.5099999999999999,1,0.1357142857142857,0.07814821083775915,0.21999999999999997,0,0.37142857142857144,0.05848428978653282,0.6699999999999999,0,OBSERVED_TEST_COMPOUND,True,0.4077514828779526,0,False,0.12270593217139568,0,True,0.1395379542496702,0,True,0.20525298306624876,0,True,0.2906729370428276,0,True,0.50672539595787,0,False,FAIL,False,False,True,False,False,False,False,False,True,True,2,1,False,False,False,7.351080368156555,OUTSIDE_APPLICABILITY_DOMAIN
TEST028,Oc1ccc(cc1)c2nc(Cl)c(c(Oc3ccc(OCCN4CCCC4)cc3)n2)c5ccccc5,6.717144658693611,191.80297597358734,0.36705314665723127,0.0009251619649659387,0.0006563925914525047,0.4699999999999999,0,0.9949712318787514,0.0014475051531190664,0.3999999999999999,1,0.8428571428571429,0.0512596431943119,0.5099999999999999,1,0.08571428571428572,0.07742672638813858,0.21999999999999997,0,0.9928571428571429,0.01465602717374749,0.6699999999999999,1,OBSERVED_TEST_COMPOUND,True,0.2720201701802415,0,True,0.14323260867538787,0,True,0.14803553018972543,0,True,0.11050804497424949,0,True,0.46304997367948136,0,True,0.2870889925951022,0,True,PASS,False,False,True,False,False,False,False,False,False,False,1,0,False,False,False,6.3500915120363794,FAIL_ADMET_HARD_GATE
TEST029,CN(C)CCOc1ccc(Nc2nc(nc(Cl)c2c3ccccc3)c4ccc(O)cc4)cc1,6.695531456591143,201.58979509084512,0.20850143111206906,0.012132333298179454,0.00162472927538712,0.4699999999999999,0,0.9821929170239958,0.008144594190371064,0.3999999999999999,1,0.8142857142857143,0.05383269623261932,0.5099999999999999,1,0.1,0.067499055171014,0.21999999999999997,0,0.9928571428571429,0.011706384406931981,0.6699999999999999,1,OBSERVED_TEST_COMPOUND,True,0.4060937462514322,0,False,0.1655605603738011,0,True,0.16253635853661344,0,True,0.17164494033590974,0,True,0.47073624648394685,0,True,0.2479422691609008,0,True,FAIL,False,False,True,False,False,False,False,False,False,False,1,0,False,False,False,6.487030025479074,OUTSIDE_APPLICABILITY_DOMAIN
TEST030,COc1ccc(cc1)c2nc(Cl)c(c(Oc3ccc(OCCN4CCCC4)cc3)n2)c5ccccc5,6.313721711108203,485.5995648494298,0.23533422428677483,0.0024762709694107045,0.0015645782812370782,0.4699999999999999,0,0.998279059357896,0.0005294400418805257,0.3999999999999999,1,0.9571428571428572,0.013363062095621216,0.5099999999999999,1,0.45714285714285713,0.12011898862615948,0.21999999999999997,1,0.9785714285714285,0.02344443933445956,0.6699999999999999,1,OBSERVED_TEST_COMPOUND,True,0.3217379445189478,0,True,0.1647239234713026,0,True,0.1563902895785929,0,True,0.10700915425450623,0,True,0.8114085139768067,0,False,0.277240982700354,0,True,FAIL,False,False,True,False,False,False,True,True,False,False,2,1,False,False,False,6.078387486821428,OUTSIDE_APPLICABILITY_DOMAIN
TEST031,COc1ccc(cc1)c2nc(Cl)cc(Oc3ccc(OCCN4CCCC4)cc3)n2,5.1201076198484134,7583.896198679621,0.1702238580178854,0.06274908600255755,0.017105483300380822,0.4699999999999999,0,0.9897057274611076,0.003034739306740735,0.3999999999999999,1,0.9214285714285714,0.017928429140015908,0.5099999999999999,1,0.5357142857142857,0.0960973146219551,0.21999999999999997,1,0.9714285714285714,0.01996931673679059,0.6699999999999999,1,OBSERVED_TEST_COMPOUND,True,0.37690822388017753,0,True,0.17262311662584534,0,True,0.15134428593379862,0,True,0.1912561717386364,0,True,0.7024538029402829,0,False,0.2856609294934305,0,True,FAIL,False,False,True,False,False,False,True,True,False,False,2,1,False,False,False,4.949883761830528,OUTSIDE_APPLICABILITY_DOMAIN
TEST032,CCN(CC)CCOc1ccc(Oc2cc(Cl)nc(n2)c3ccc(OC)cc3)cc1,5.099664645404312,7949.418379570981,0.16502719593592322,0.30811512046239053,0.028827630945119222,0.4699999999999999,0,0.9858023009643279,0.005594060790599024,0.3999999999999999,1,0.9142857142857143,0.0391230398217976,0.5099999999999999,1,0.5357142857142857,0.017785570854269604,0.21999999999999997,1,0.9285714285714286,0.07161857720598092,0.6699999999999999,1,OBSERVED_TEST_COMPOUND,True,0.35431262768366056,0,True,0.1984225159258382,0,True,0.15720564020904917,0,True,0.19792071662395425,0,True,0.7040924453002662,0,False,0.38033969858292,0,True,FAIL,False,False,True,False,False,False,True,True,False,False,2,1,False,False,False,4.934637449468389,OUTSIDE_APPLICABILITY_DOMAIN
TEST033,COc1ccc(cc1)c2nc(Cl)cc(Oc3ccc(OCCN(C)C)cc3)n2,5.074859844036964,8416.667213728255,0.0990698647761768,0.4840457898308363,0.020134029671449123,0.4699999999999999,1,0.9626428917006444,0.01952629359848512,0.3999999999999999,1,0.9428571428571428,0.05075953715554251,0.5099999999999999,1,0.5857142857142857,0.0671200569190486,0.21999999999999997,1,0.9642857142857143,0.04641887965309914,0.6699999999999999,1,OBSERVED_TEST_COMPOUND,True,0.41373132781642136,0,False,0.14783286450267258,0,True,0.16835730202861934,0,True,0.22434720934688268,0,True,0.6870706218297754,0,False,0.3528569469271857,0,True,FAIL,True,True,True,False,False,False,True,True,False,False,3,2,True,False,False,4.975789979260787,OUTSIDE_APPLICABILITY_DOMAIN
TEST034,CCN(CC)CCOc1ccc(Nc2cc(Cl)nc(n2)c3ccc(OC)cc3)cc1,5.136812465731648,7297.725679541541,0.1588024018020148,0.2360255003348789,0.019661311215718402,0.4699999999999999,0,0.9859030521978835,0.005877626555527382,0.3999999999999999,1,0.9071428571428571,0.03759342104840221,0.5099999999999999,1,0.5214285714285715,0.04672979209656033,0.21999999999999997,1,0.8642857142857143,0.052427318570180945,0.6699999999999999,1,OBSERVED_TEST_COMPOUND,True,0.3336791559324658,0,True,0.2120788665838831,0,True,0.15530168892571497,0,True,0.19194972128999935,0,True,0.47315526116696904,0,True,0.3141997162416467,0,True,PASS,False,False,True,False,False,False,True,True,False,False,2,1,False,False,False,4.978010063929633,FAIL_ADMET_HARD_GATE
TEST035,COc1ccc(cc1)c2nc(Cl)cc(Nc3ccc(NC(=O)CN4CCCC4)cc3)n2,5.294491064712649,5075.851821107043,0.13803530216593782,0.008463050178315298,0.0016319870898005456,0.4699999999999999,0,0.9926435572817626,0.0024973907878786776,0.3999999999999999,1,0.8357142857142857,0.048022103754204605,0.5099999999999999,1,0.35,0.09683775617189899,0.21999999999999997,1,0.9928571428571429,0.011295985741072356,0.6699999999999999,1,OBSERVED_TEST_COMPOUND,True,0.40076487471214195,0,True,0.20122790735664228,0,True,0.1449117038574581,0,True,0.18054106215298307,0,True,0.3616115863294007,0,True,0.3614958611425788,0,True,PASS,False,False,True,False,False,False,True,True,False,False,2,1,False,False,False,5.156455762546711,FAIL_ADMET_HARD_GATE
TEST036,CO[C@H]1C[C@H](C)CC2=C(NC\C=C\CCC[C@@H]3C[C@H]4[C@@H]5CCc6cc(O)ccc6[C@H]5CC[C@]4(C)[C@H]3O)C(=O)C=C(NC(=O)\C(=C\C=C/[C@H](OC)[C@@H](OC(=O)N)\C(=C\[C@H](C)[C@H]1O)\C)\C)C2=O,6.954339933074858,111.08618877203983,0.258376277409605,4.746362745225e-13,1.4615936748402044e-12,0.4699999999999999,0,0.9999999995206197,5.113067374905416e-10,0.3999999999999999,1,0.11428571428571428,0.05780862162942373,0.5099999999999999,0,0.03571428571428571,0.02082482819587607,0.21999999999999997,0,0.6714285714285714,0.14730973294296676,0.6699999999999999,1,OBSERVED_TEST_COMPOUND,True,0.8783305865956783,0,False,0.7377670461248551,0,False,0.9800232575129706,0,False,0.8436783176318638,0,False,1.122866349620365,0,False,0.638177784046228,0,False,FAIL,False,False,True,False,True,True,False,False,False,False,2,1,False,False,False,6.6959636556652535,OUTSIDE_APPLICABILITY_DOMAIN
TEST037,CO[C@H]1C[C@H](C)CC2=C(NCC#CCC[C@@H]3C[C@H]4[C@@H]5CCc6cc(O)ccc6[C@H]5CC[C@]4(C)[C@H]3O)C(=O)C=C(NC(=O)\C(=C\C=C/[C@H](OC)[C@@H](OC(=O)N)\C(=C\[C@H](C)[C@H]1O)\C)\C)C2=O,6.945596203016974,113.34537325737331,0.32749141853723557,1.8338135554129963e-12,4.847004460369379e-12,0.4699999999999999,0,0.9999999992285971,7.411580375363259e-10,0.3999999999999999,1,0.09285714285714286,0.064404651879142,0.5099999999999999,0,0.03571428571428571,0.023364896048280178,0.21999999999999997,0,0.6857142857142857,0.16107902936003599,0.6699999999999999,1,OBSERVED_TEST_COMPOUND,True,0.8729794750163022,0,False,0.6471029528825869,0,False,0.8604316771547188,0,False,0.7152446477898965,0,False,1.0993086153770484,0,False,0.5921222303311782,0,False,FAIL,False,False,True,False,True,True,False,False,False,False,2,1,False,False,False,6.618104784479739,OUTSIDE_APPLICABILITY_DOMAIN
TEST038,C[C@]12CC[C@H]3[C@@H](CCc4cc(O)ccc34)[C@@H]1CC[C@@]2(O)C#CC(=O)OCC5CCC#C\C=C/C#CC5,6.354888289569116,441.68404393739274,0.29587575669180055,0.0005638476140757772,0.0006844866463268754,0.4699999999999999,0,0.999483801784346,0.00024265450125050372,0.3999999999999999,1,0.7785714285714286,0.13059909053657145,0.5099999999999999,1,0.02142857142857143,0.007824607964359515,0.21999999999999997,0,0.3357142857142857,0.05501618777699109,0.6699999999999999,0,OBSERVED_TEST_COMPOUND,True,0.6996762982315943,0,False,0.2705357887209659,0,False,0.17454939035657932,0,True,0.19339088315535813,0,True,0.3157418324633269,0,True,0.45543011592747507,0,True,FAIL,False,False,True,False,False,False,False,False,True,True,2,1,False,False,False,6.059012532877316,OUTSIDE_APPLICABILITY_DOMAIN
TEST039,CC(C)C[C@H](NC(=O)[C@](C)(CCCC=C)NC(=O)[C@H](CCC(=O)N)NC(=O)[C@H](Cc1cnc[nH]1)NC(=O)[C@H](CC(C)C)NC(=O)[C@](C)(CCCC=C)NC(=O)[C@H](CCCCN)NC(=O)[C@H](Cc2cnc[nH]2)NC(=O)C)C(=O)N[C@@H](CCC(=O)N)C(=O)N[C@@H](CC(=O)O)C(=O)N[C@@H](CO)C(=O)N,5.719516467072887,1907.5833930910685,0.2886294617476236,3.97626663004218e-35,1.5222999412164086e-34,0.4699999999999999,0,1.0,2.085919684541963e-15,0.3999999999999999,1,0.9357142857142857,0.31733102525885604,0.5099999999999999,1,0.11428571428571428,0.029623487647611028,0.21999999999999997,0,0.9357142857142857,0.0746064707993517,0.6699999999999999,1,OBSERVED_TEST_COMPOUND,True,1.2936106478514393,0,False,2.403449621861052,0,False,2.039459748113373,0,False,1.8160955436098656,0,False,2.1583534272569094,0,False,1.196373114064272,0,False,FAIL,False,False,True,False,False,False,False,False,False,False,1,0,False,False,False,5.430887005325263,OUTSIDE_APPLICABILITY_DOMAIN
TEST040,CC(C)C[C@H](NC(=O)[C@]1(C)CCC\C=C/CCC[C@](C)(NC(=O)[C@H](CCCCN)NC(=O)[C@H](Cc2cnc[nH]2)NC(=O)C)C(=O)N[C@@H](CC(C)C)C(=O)N[C@@H](Cc3cnc[nH]3)C(=O)N[C@@H](CCCNC(=N)N)C(=O)N1)C(=O)N[C@@H](CCC(=O)N)C(=O)N[C@@H](CC(=O)O)C(=O)N[C@@H](CO)C(=O)N,5.667909619489717,2148.2775031004962,0.2631048112171453,3.2557573099480106e-35,2.1169449029036966e-34,0.4699999999999999,0,1.0,1.9860273225978185e-15,0.3999999999999999,1,0.95,0.304138126514911,0.5099999999999999,1,0.09285714285714286,0.03129843185743806,0.21999999999999997,0,0.9071428571428571,0.06871463096732305,0.6699999999999999,1,OBSERVED_TEST_COMPOUND,True,1.3173602178413728,0,False,2.4443398197254993,0,False,2.1819821424827954,0,False,1.8426749792288333,0,False,1.9943198157538167,1,False,1.2392178655847428,0,False,FAIL,False,False,True,False,False,False,False,False,False,False,1,0,False,False,False,5.404804808272572,OUTSIDE_APPLICABILITY_DOMAIN
TEST041,CC(C)C[C@H](NC(=O)[C@]1(C)CCC\C=C/C[C@@H](C)C[C@](C)(NC(=O)[C@H](CCCCN)NC(=O)[C@H](Cc2cnc[nH]2)NC(=O)C)C(=O)N[C@@H](CC(C)C)C(=O)N[C@@H](Cc3cnc[nH]3)C(=O)N[C@@H](CCCNC(=N)N)C(=O)N1)C(=O)N[C@@H](CCC(=O)N)C(=O)N[C@@H](CC(=O)O)C(=O)N[C@@H](CO)C(=O)N,5.662145300882914,2176.9813029867173,0.2710261446671391,1.7178240974410748e-35,1.459677073968207e-34,0.4699999999999999,0,1.0,3.15438178803426e-15,0.3999999999999999,1,0.95,0.3103898141606678,0.5099999999999999,1,0.09285714285714286,0.03129843185743806,0.21999999999999997,0,0.9071428571428571,0.06871463096732305,0.6699999999999999,1,OBSERVED_TEST_COMPOUND,True,1.3530063591468995,0,False,2.5538531333819874,0,False,2.33181873898025,0,False,1.9634767599177498,0,False,1.9977628771025262,1,False,1.2388401335093544,0,False,FAIL,False,False,True,False,False,False,False,False,False,False,1,0,False,False,False,5.391119156215775,OUTSIDE_APPLICABILITY_DOMAIN
TEST042,CC(C)C[C@H](NC(=O)[C@]1(C)C[C@H](C)C\C=C/CCC[C@](C)(NC(=O)[C@H](CCCCN)NC(=O)[C@H](Cc2cnc[nH]2)NC(=O)C)C(=O)N[C@@H](CC(C)C)C(=O)N[C@@H](Cc3cnc[nH]3)C(=O)N[C@@H](CCCNC(=N)N)C(=O)N1)C(=O)N[C@@H](CCC(=O)N)C(=O)N[C@@H](CC(=O)O)C(=O)N[C@@H](CO)C(=O)N,5.677063255725668,2103.47204319343,0.2755913884137581,1.7312338500762936e-35,1.4938196314262998e-34,0.4699999999999999,0,1.0,3.15438178803426e-15,0.3999999999999999,1,0.95,0.3135787503212889,0.5099999999999999,1,0.09285714285714286,0.031134992453861955,0.21999999999999997,0,0.9071428571428571,0.06871463096732305,0.6699999999999999,1,OBSERVED_TEST_COMPOUND,True,1.3567524814604068,0,False,2.55416099024665,0,False,2.3318950817085033,0,False,1.965188037546719,0,False,1.996293031817584,1,False,1.2364394425484901,0,False,FAIL,False,False,True,False,False,False,False,False,False,False,1,0,False,False,False,5.401471867311909,OUTSIDE_APPLICABILITY_DOMAIN
TEST043,CC(C)C[C@H](NC(=O)[C@]1(C)CCC\C=C/CCC[C@](C)(NC(=O)[C@H](CCCCN)NC(=O)[C@H](Cc2cnc[nH]2)NC(=O)C)C(=O)N[C@@H](CC(C)C)C(=O)N[C@@H](Cc3cnc[nH]3)C(=O)N[C@@H](CCC(=O)N)C(=O)N1)C(=O)N[C@@H](CCC(=O)N)C(=O)N[C@@H](CC(=O)O)C(=O)N[C@@H](CO)C(=O)N,5.700437722098968,1993.2523183858789,0.2687640807104742,1.732427314135655e-34,1.292612235236661e-33,0.4699999999999999,0,0.9999999999999998,8.317045186036173e-15,0.3999999999999999,1,0.9428571428571428,0.31874274701632066,0.5099999999999999,1,0.1,0.02962348764761103,0.21999999999999997,0,0.9142857142857143,0.06729664262785216,0.6699999999999999,1,OBSERVED_TEST_COMPOUND,True,1.2904645829373083,0,False,2.2523796595782932,0,False,1.9947525316234425,0,False,1.6366415687359932,0,False,2.101086306688707,1,False,1.2379883011865873,0,False,FAIL,False,False,True,False,False,False,False,False,False,False,1,0,False,False,False,5.431673641388494,OUTSIDE_APPLICABILITY_DOMAIN
TEST044,CC[C@H](C)[C@H](NC(=O)[C@H](CCCCN)NC(=O)[C@H](Cc1cnc[nH]1)NC(=O)C)C(=O)N[C@@H](CC(C)C)C(=O)N[C@@H](Cc2cnc[nH]2)C(=O)N[C@@H](CCCNC(=N)N)C(=O)N[C@@H](CC(C)C)C(=O)N[C@@H](CC(C)C)C(=O)N[C@@H](CCC(=O)N)C(=O)N[C@@H](CC(=O)O)C(=O)N[C@@H](CO)C(=O)N,5.614269827067625,2430.6933505837974,0.27837140596487164,3.037226450529945e-34,6.1901421074884375e-34,0.4699999999999999,0,1.0,8.968100940422724e-16,0.3999999999999999,1,0.9571428571428572,0.35099712191389365,0.5099999999999999,1,0.11428571428571428,0.026726124191242435,0.21999999999999997,0,0.9428571428571428,0.0697802437296942,0.6699999999999999,1,OBSERVED_TEST_COMPOUND,True,1.2439980804539978,0,False,2.106837309379875,0,False,1.765559093044798,0,False,1.615060558132595,0,False,1.9209905958862161,0,False,1.0483728653734783,0,False,FAIL,False,False,True,False,False,False,False,False,False,False,1,0,False,False,False,5.335898421102754,OUTSIDE_APPLICABILITY_DOMAIN
TEST045,CC(C)C[C@H](NC(=O)[C@]1(C)CCC\C=C/C[C@H](C)C[C@](C)(NC(=O)[C@H](CCCCN)NC(=O)[C@H](Cc2cnc[nH]2)NC(=O)C)C(=O)N[C@@H](CC(C)C)C(=O)N[C@@H](Cc3cnc[nH]3)C(=O)N[C@@H](CCCNC(=N)N)C(=O)N1)C(=O)N[C@@H](CCC(=O)N)C(=O)N[C@@H](CC(=O)O)C(=O)N[C@@H](CO)C(=O)N,5.662145300882914,2176.9813029867173,0.2710261446671391,1.7178240974410748e-35,1.459677073968207e-34,0.4699999999999999,0,1.0,3.15438178803426e-15,0.3999999999999999,1,0.95,0.3103898141606678,0.5099999999999999,1,0.09285714285714286,0.03129843185743806,0.21999999999999997,0,0.9071428571428571,0.06871463096732305,0.6699999999999999,1,OBSERVED_TEST_COMPOUND,True,1.3530063591468995,0,False,2.5538531333819874,0,False,2.33181873898025,0,False,1.9634767599177498,0,False,1.9977628771025262,1,False,1.2388401335093544,0,False,FAIL,False,False,True,False,False,False,False,False,False,False,1,0,False,False,False,5.391119156215775,OUTSIDE_APPLICABILITY_DOMAIN
TEST046,CC\C(=C(/c1ccc(O)cc1)\c2ccc(OCCN(C)C)cc2)\c3ccc(cc3)C(=O)NO,7.262346813739724,54.65793077426837,0.1693015867018761,0.16885504674665383,0.005448967500698518,0.4699999999999999,0,0.903756876122453,0.03354465280926854,0.3999999999999999,1,0.95,0.024432330537838658,0.5099999999999999,1,0.07142857142857142,0.023364896048280185,0.21999999999999997,0,0.8357142857142857,0.0833876615083317,0.6699999999999999,1,OBSERVED_TEST_COMPOUND,True,0.2978085930257576,0,True,0.12336294385750554,0,True,0.08729779114360321,0,True,0.04747102794572275,0,True,0.37116995570455197,0,True,0.2995025887277632,0,True,PASS,False,False,True,False,False,False,False,False,False,False,1,0,False,False,False,7.093045227037847,FAIL_ADMET_HARD_GATE
TEST047,CC\C(=C(/c1ccc(O)cc1)\c2ccc(OCCN(C)C)cc2)\c3ccc(CCCCC(=O)NO)cc3,7.338539103309761,45.86283496395707,0.11638943353875052,0.0062395756411805815,0.001225355191241162,0.4699999999999999,0,0.9891565275172167,0.0038929744296886362,0.3999999999999999,1,0.9714285714285714,0.009583148474999123,0.5099999999999999,1,0.05714285714285714,0.008748177652797066,0.21999999999999997,0,0.5714285714285714,0.1027563802215485,0.6699999999999999,0,OBSERVED_TEST_COMPOUND,True,0.30648135673106724,0,True,0.15483963273666593,0,True,0.13821049083738407,0,True,0.25603544787348564,0,False,0.4446345052401905,0,True,0.34467888927126106,0,True,FAIL,False,False,True,False,False,False,False,False,True,True,2,1,False,False,False,7.22214966977101,OUTSIDE_APPLICABILITY_DOMAIN
TEST048,CC\C(=C(/c1ccc(O)cc1)\c2ccc(OCCN(C)C)cc2)\c3ccc(CCC(=O)NO)cc3,7.338192436270231,45.89945868624302,0.1280949138353471,0.033224120562155575,0.0023558753229344846,0.4699999999999999,0,0.9680921219484542,0.011749364745675823,0.3999999999999999,1,0.9357142857142857,0.028838041768837638,0.5099999999999999,1,0.08571428571428572,0.021189138534559036,0.21999999999999997,0,0.6642857142857143,0.14508257017080758,0.6699999999999999,0,OBSERVED_TEST_COMPOUND,True,0.29182075807261804,0,True,0.1543978659359884,0,True,0.16051482459730923,0,True,0.20899620071652067,0,True,0.40281877612117906,0,True,0.35062391142038507,0,True,PASS,False,False,True,False,False,False,False,False,True,True,2,1,False,False,False,7.210097522434884,FAIL_ADMET_HARD_GATE
TEST049,CC\C(=C(/c1ccc(O)cc1)\c2ccc(OCCN(C)C)cc2)\c3ccc(OCCCCC(=O)NO)cc3,7.251425490900997,56.049857023502724,0.17059926054111735,0.002653340711298757,0.0006287395180516043,0.4699999999999999,0,0.996576673623554,0.0012922094337950863,0.3999999999999999,1,0.9857142857142858,0.027010957715984336,0.5099999999999999,1,0.05714285714285714,0.011736911946539275,0.21999999999999997,0,0.7571428571428571,0.10791811140213331,0.6699999999999999,1,OBSERVED_TEST_COMPOUND,True,0.3263987609271424,0,True,0.2293334950023133,0,False,0.17434744320447973,0,True,0.2076037773966996,0,True,0.47607862066042916,0,True,0.4144492770192971,0,True,FAIL,False,False,True,False,False,False,False,False,False,False,1,0,False,False,False,7.08082623035988,OUTSIDE_APPLICABILITY_DOMAIN
TEST050,CCC(=C(c1ccc(O)cc1)c2ccc(OCCN3CCCC3)cc2)Cc4ccccc4,8.166257093511035,6.819348830315353,0.16128032292905892,0.08538110201802365,0.03103204643387661,0.4699999999999999,0,0.84053145959009,0.036520797799445746,0.3999999999999999,1,0.9928571428571429,0.003912303982179744,0.5099999999999999,1,0.0,0.0,0.21999999999999997,0,0.09285714285714286,0.046167196674298104,0.6699999999999999,0,OBSERVED_TEST_COMPOUND,True,0.37653129497616755,0,True,0.10729316747219868,0,True,0.10538206803225682,0,True,0.11301125059545418,0,True,0.09273098358089418,0,True,0.1292550942222544,0,True,PASS,False,False,True,False,False,False,False,False,True,True,2,1,False,False,False,8.004976770581976,FAIL_ADMET_HARD_GATE
