time_s,order_0,order_1,order_2,order_3,order_4,order_5,order_6,order_7,order_8,order_9,order_10,order_11,order_12,order_13,order_14,order_15,order_16,order_17,order_18,order_19,order_20,order_21,order_22,order_23,order_24,order_25,order_26,order_27,order_28,order_29,order_30,order_31,order_32,order_33,order_34,order_35,order_36,order_37,order_38,order_39,order_40
0.0,0.00042418448527618477,0.00024592146563207285,0.00012262677140848332,6.590242466094457e-05,5.114096277956945e-05,2.874073306080054e-05,2.3273090777473096e-05,1.2442736151047219e-05,1.1383517194519273e-05,5.7085601084848e-06,6.143497368014563e-06,2.801592723670001e-06,3.6545301906835826e-06,1.4754117807646917e-06,2.379343341516091e-06,8.367983221263221e-07,1.672062750648972e-06,5.100562322092977e-07,1.2471743452984513e-06,3.3178168988620987e-07,9.72999795142982e-07,2.2827056338686662e-07,7.849835097239622e-07,1.6451366320707283e-07,6.494716546970355e-07,1.2308933087229727e-07,5.478833187988351e-07,9.490780985633562e-08,4.6932997040647976e-07,7.497411341397551e-08,4.0707519411632446e-07,6.040885228436336e-08,3.5675075198088203e-07,4.947600955828475e-08,3.154041736244255e-07,4.1083639524649005e-08,2.809689558909396e-07,3.451885226390365e-08,2.5195598094497713e-07,2.93007544584624e-08,2.272654656976892e-07
0.05,0.00042588807963170116,0.00024691816496964867,0.00012340168534103014,6.621629123044138e-05,5.1290648274239986e-05,2.8818549180788608e-05,2.333432753218235e-05,1.2475472773258042e-05,1.1414093631391206e-05,5.722037018264314e-06,6.158928378348963e-06,2.8077321320394026e-06,3.6642006398353192e-06,1.4786548597959858e-06,2.3859907750132533e-06,8.385862834219547e-07,1.676899473140095e-06,5.111450605698205e-07,1.2509476447572064e-06,3.325054603812868e-07,9.76050661236312e-07,2.2877569517621378e-07,7.875116725590121e-07,1.6488487398734803e-07,6.51612308383563e-07,1.2337292488109023e-07,5.497231101256092e-07,9.51302950585357e-08,4.7093005546026953e-07,7.515272801728527e-08,4.0848100304070904e-07,6.05548730920085e-08,3.579962798170095e-07,4.959711373366847e-08,3.1651570614069643e-07,4.118532874426001e-08,2.81967253039984e-07,3.4605141276884985e-08,2.528576404335158e-07,2.9374642799542902e-08,2.280839551550695e-07
0.1,0.0004275506371097478,0.00024788524321680573,0.0001241560010045583,6.652920470512702e-05,5.1438607256956476e-05,2.8894790384815277e-05,2.339389867057535e-05,1.2507180451424845e-05,1.1443716221014051e-05,5.735008898365378e-06,6.173835619672356e-06,2.813619804856831e-06,3.6735584134687214e-06,1.481765259721168e-06,2.392433842889089e-06,8.402988857308758e-07,1.6815915825577471e-06,5.121874769474032e-07,1.2546120604897607e-06,3.331986527282834e-07,9.790157825078404e-07,2.2925949655309065e-07,7.899700680335428e-07,1.6524049169043085e-07,6.536948037547123e-07,1.236447000349286e-07,5.515135231155813e-07,9.534362623003102e-08,4.724876332323764e-07,7.532398954969642e-08,4.098497469663435e-07,6.069491616271874e-08,3.592091915259358e-07,4.971329496572731e-08,3.175983037225034e-07,4.128289562084903e-08,2.829396902501181e-07,3.468794678951362e-08,2.5373604604819453e-07,2.944556052058316e-08,2.288814181398886e-07
0.15000000000000002,0.0004291719981920739,0.00024882313120193475,0.0001248897623092354,6.683360383765208e-05,5.158157352152888e-05,2.8968110213386904e-05,2.3451268240515625e-05,1.2537647168062865e-05,1.1472298135159587e-05,5.747438193859319e-06,6.188201678304022e-06,2.819247213331134e-06,3.6825990005905097e-06,1.4847406010789745e-06,2.3986710799865734e-06,8.419353720902485e-07,1.686138494073623e-06,5.131832096663635e-07,1.2581672939329987e-06,3.3386116278151297e-07,9.818949701627276e-07,2.297243822513685e-07,7.923596016316141e-07,1.655806170908606e-07,6.557190509345969e-07,1.2390465871248401e-07,5.532544617670903e-07,9.554788271803278e-08,4.7400265328833015e-07,7.548790230173517e-08,4.1118134675629287e-07,6.082898316493215e-08,3.603894142641788e-07,4.9824550475069076e-08,3.1865189945001766e-07,4.137634223140859e-08,2.838862057060481e-07,3.476727018903558e-08,2.545911405358617e-07,2.9513507953218904e-08,2.2965780163672102e-07
0.2,0.00043075200732076277,0.0002497322347407407,0.00012560301650984352,6.71294192903469e-05,5.171950627197909e-05,2.903848888761497e-05,2.3506427160214774e-05,1.2566867584270882e-05,1.1499836504068615e-05,5.759323480058496e-06,6.202025707777516e-06,2.8246139039728116e-06,3.6913220564379415e-06,1.4875807611991736e-06,2.4047023036732608e-06,8.435436553919065e-07,1.6905621981968348e-06,5.141356974003734e-07,1.2616141959003654e-06,3.344933916729917e-07,9.846883049436324e-07,2.301686738363285e-07,7.946794928212842e-07,1.6590521382384005e-07,6.576849619050951e-07,1.2415281815984527e-07,5.549458468269635e-07,9.574293327941499e-08,4.754750482540096e-07,7.564449881970514e-08,4.124757316103598e-07,6.095707991265974e-08,3.615368802962739e-07,4.993087917922279e-08,3.1967643450103655e-07,4.146567436784745e-08,2.848067407850041e-07,3.484311413404748e-08,2.5542286917943834e-07,2.957848710607205e-08,2.3041305442504767e-07
0.25,0.0004322905129126071,0.0002506129360743058,0.0001262958137792011,6.741658408998899e-05,5.185236531885076e-05,2.9105906806572204e-05,2.355936646627601e-05,1.259483647873691e-05,1.1526328544059003e-05,5.7706633897521396e-06,6.215319615327352e-06,2.8297218278168297e-06,3.69972801065026e-06,1.4902859659844384e-06,2.410527518511059e-06,8.450829952064539e-07,1.6948433601875875e-06,5.150420264107859e-07,1.2649518557576783e-06,3.35095045376059e-07,9.873955415087264e-07,2.3059164198721015e-07,7.96930446514244e-07,1.6621475059076694e-07,6.59592481452747e-07,1.2438918947028237e-07,5.565875940582437e-07,9.592878462904256e-08,4.769047320338306e-07,7.579377976899453e-08,4.1373282992429435e-07,6.10792116940718e-08,3.6265152374363775e-07,5.003228552126003e-08,3.206718394736951e-07,4.1550897465638856e-08,2.8570124049765247e-07,3.491548173368377e-08,2.5623117909002155e-07,2.9640500466368526e-08,2.3114712689208153e-07
0.30000000000000004,0.0004337873673731126,0.0002514655952142648,0.00012696820680245733,6.76950335662106e-05,5.198011108627299e-05,2.9170344557603634e-05,2.361007731824646e-05,1.2621548750100478e-05,1.1551771558835893e-05,5.7825670597262905e-06,6.228668792138332e-06,2.8347128503111965e-06,3.707872393730611e-06,1.4928839103645084e-06,2.4161617866213303e-06,8.465547732036058e-07,1.698984053634929e-06,5.159058351717451e-07,1.2681818442721182e-06,3.356670814251613e-07,9.900171246272564e-07,2.3099361721531003e-07,7.991122392102104e-07,1.665091422335563e-07,6.614415693376823e-07,1.246138192122377e-07,5.58179647440381e-07,9.610546040617175e-08,4.78291577948841e-07,7.593581343999454e-08,4.149526082786053e-07,6.119538935123886e-08,3.637332831928756e-07,5.012877565144696e-08,3.216380562051611e-07,4.1632012477869376e-08,2.8656965094812845e-07,3.498437742099816e-08,2.570160194082581e-07,2.9699550979529093e-08,2.318599714927516e-07
0.35000000000000003,0.00043524242711012447,0.0002522905512012724,0.00012762025039154306,6.796470529283617e-05,5.2102704618884456e-05,2.923178292657431e-05,2.3658551003213497e-05,1.264699941932787e-05,1.1576162940797242e-05,5.794126862584477e-06,6.241516042979014e-06,2.839455856611988e-06,3.715704709147358e-06,1.4953497640719667e-06,2.421591481033488e-06,8.4795134455938e-07,1.7030121074049176e-06,5.167364306135665e-07,1.271304381890489e-06,3.3620916986253505e-07,9.925526721537872e-07,2.313744308450978e-07,8.012238420792691e-07,1.667888084217368e-07,6.632324286891937e-07,1.248267259396622e-07,5.597219234217565e-07,9.627296446946222e-08,4.796355117401003e-07,7.607053435258703e-08,4.1613499236702966e-07,6.130562723590368e-08,3.647820976327455e-07,5.022035478713971e-08,3.22575027790557e-07,4.170902239568995e-08,2.8741191879939034e-07,3.504980561876416e-08,2.5777734126173695e-07,2.9755641815809354e-08,2.325515422763789e-07
0.4,0.00043665555254708023,0.0002530881232824861,0.000128252001119071,6.822553903208087e-05,5.2220107588650836e-05,2.929020290805554e-05,2.3704778940443012e-05,1.2671183632099638e-05,1.1599500172334443e-05,5.8051298698429845e-06,6.253818352394811e-06,2.843936359925729e-06,3.7232181626658126e-06,1.4976799887541648e-06,2.4268145199838555e-06,8.492715992741858e-07,1.7068955757382848e-06,5.17520637810298e-07,1.2743173030241491e-06,3.367207209097609e-07,9.95001844638665e-07,2.3173398008844097e-07,8.032651090307269e-07,1.6705345049624351e-07,6.649647592619951e-07,1.250278939914771e-07,5.612143402248391e-07,9.643130317136554e-08,4.809364637216105e-07,7.619794212302781e-08,4.1727992692663095e-07,6.140993417470383e-08,3.6579791059602976e-07,5.030702907678167e-08,3.2348269977934647e-07,4.178193226084051e-08,2.882279911054684e-07,3.5111770984488855e-08,2.5851509790402716e-07,2.980877671899065e-08,2.3322179503062426e-07
0.45,0.000438026608135886,0.00025385861201335545,0.00012886351697098344,6.84774766815393e-05,5.233228230160837e-05,2.934558571545222e-05,2.3748752686058077e-05,1.269409666120995e-05,1.1621780827127835e-05,5.815574634143164e-06,6.265575093903397e-06,2.848166196205721e-06,3.730414572770207e-06,1.4998751323097462e-06,2.4318310433628336e-06,8.505156864973401e-07,1.7106332282746058e-06,5.182683406063201e-07,1.2772259976824043e-06,3.3720247442504066e-07,9.973647413800513e-07,2.3207235569815963e-07,8.052359963972453e-07,1.6730260820346902e-07,6.666390486375788e-07,1.2521763379362463e-07,5.626568593818347e-07,9.658049588992446e-08,4.82194373056563e-07,7.6318048430942e-08,4.1838731948988976e-07,6.150834326654642e-08,3.667806760024709e-07,5.038880618792383e-08,3.2436102033498874e-07,4.1850747793886266e-08,2.8901781928804034e-07,3.517027615378909e-08,2.5922924450837105e-07,2.985896009920195e-08,2.3387068738130042e-07
0.5,0.000439355462369417,0.00025460230028862257,0.00012945485701725866,6.87204622238951e-05,5.2439191704564783e-05,2.9397912791074564e-05,2.3790463937756485e-05,1.2715733908977074e-05,1.1643002571436843e-05,5.825459776422165e-06,6.277253030086263e-06,2.8524085079868006e-06,3.7373497860672097e-06,1.501955333643411e-06,2.436650574946815e-06,8.516888426343097e-07,1.7142279821447157e-06,5.189824178702043e-07,1.2800290136238376e-06,3.376548448320968e-07,9.996416224446291e-07,2.3238979748786934e-07,8.071365650971898e-07,1.6753638246967554e-07,6.682547099277541e-07,1.253958340079901e-07,5.640494892108361e-07,9.672056974808557e-08,4.834091862277714e-07,7.643086859705202e-08,4.194571160107191e-07,6.160082808250734e-08,3.677303501686199e-07,5.046570182087262e-08,3.2520994059135656e-07,4.191547545171209e-08,2.897813569727035e-07,3.522532634315359e-08,2.5991973592247606e-07,2.9906196779887335e-08,2.3449817894195185e-07
0.55,0.00044064198779363766,0.00025531945430706907,0.00013002608109999786,6.895444167928207e-05,5.254079939178952e-05,2.944716581615786e-05,2.3829904539565867e-05,1.2736090909664743e-05,1.1663163165384717e-05,5.834783986741093e-06,6.288654649084446e-06,2.8564364866255913e-06,3.743980449805666e-06,1.5039063251291603e-06,2.441266541489423e-06,8.527876822143016e-07,1.717677836241526e-06,5.196507015697477e-07,1.2827268740480402e-06,3.380797656544005e-07,1.0018323886616622e-06,2.3268622221013668e-07,8.089666719084118e-07,1.6775474798563662e-07,6.698115179991113e-07,1.2556276746901548e-07,5.653921995737677e-07,9.685153922146005e-08,4.845808433076203e-07,7.653641255498107e-08,4.204892612918386e-07,6.16873975104422e-08,3.686468670910197e-07,5.053772713832734e-08,3.260294169833222e-07,4.1976121915641246e-08,2.905185595605025e-07,3.527692698258244e-08,2.605865303838777e-07,2.995049014230462e-08,2.3510423090609346e-07
0.6000000000000001,0.00044188606101934746,0.0002560103244742146,0.00013057724953822908,6.917936306022839e-05,5.2643080395376544e-05,2.949553427942533e-05,2.3868043645864798e-05,1.2755623801833372e-05,1.1682473636233216e-05,5.843644055229731e-06,6.299551016994502e-06,2.860222914888671e-06,3.750302278124055e-06,1.5057271313930069e-06,2.4456784641454575e-06,8.538119954929348e-07,1.720982568235867e-06,5.202731388131553e-07,1.2853244063435504e-06,3.3847696477476944e-07,1.00393699930386e-06,2.3296168576469416e-07,8.107262770187912e-07,1.6795774662119917e-07,6.713094281468743e-07,1.2571804577248806e-07,5.666851197227883e-07,9.697354007989506e-08,4.857093045285599e-07,7.66346987744401e-08,4.2148370803720316e-07,6.176806476452706e-08,3.695301749691432e-07,5.060488746803679e-08,3.268194090676036e-07,4.2032697916956995e-08,2.912293855582044e-07,3.532508464568757e-08,2.612295885755163e-07,2.999184558246497e-08,2.3568880540862285e-07
0.65,0.0004430875627335457,0.0002566751462468567,0.00013110842284877992,6.939517632911705e-05,5.2750537123414554e-05,2.954467651753615e-05,2.3905612765793207e-05,1.277467368614218e-05,1.1701090104410153e-05,5.852110824954238e-06,6.309974800289118e-06,2.863922962143385e-06,3.756443409953524e-06,1.5074432267790525e-06,2.449895182603264e-06,8.547660019467913e-07,1.7241443619851883e-06,5.208510624535757e-07,1.2878130802766884e-06,3.3884835519184466e-07,1.0059575355060973e-06,2.3321656304131694e-07,8.1241546289432e-07,1.6814548291934307e-07,6.727484341882214e-07,1.258617212347644e-07,5.679279934151415e-07,9.70866069231509e-08,4.867945772578011e-07,7.672575041178402e-08,4.2244041286080885e-07,6.184284419034344e-08,3.7038023052729654e-07,5.066718644505836e-08,3.275798729917892e-07,4.2085214949002074e-08,2.919137970938151e-07,3.5369806293116575e-08,2.6184887296343636e-07,3.003026875786762e-08,2.3625186704462136e-07
0.7000000000000001,0.0004442463777104163,0.0002573141409230578,0.00013161966148258824,6.965570219507162e-05,5.287466083436662e-05,2.9600713351876743e-05,2.394555146607983e-05,1.2794559385644662e-05,1.1719617421394297e-05,5.8604762807416955e-06,6.320074907627217e-06,2.8677756832289224e-06,3.762391631625459e-06,1.5090752059443187e-06,2.4539318303137634e-06,8.55659558296972e-07,1.7271694981155864e-06,5.213886680649246e-07,1.290195615533471e-06,3.3919706569387384e-07,1.0078941381165045e-06,2.334518973723173e-07,8.140348345777083e-07,1.683184574883735e-07,6.741288324880486e-07,1.259940741046308e-07,5.691208889119855e-07,9.719090956691647e-08,4.878367466615696e-07,7.680969533595063e-08,4.233594006130324e-07,6.191180175393599e-08,3.7119703360239673e-07,5.072466802938422e-08,3.2831078957873855e-07,4.2133701847707026e-08,2.9257177660289165e-07,3.541111499356272e-08,2.624443598744381e-07,3.006577557893662e-08,2.3679339038425637e-07
0.75,0.0004453623948219337,0.00025792751638091646,0.00013211102557583696,6.992780794083518e-05,5.3001923918040154e-05,2.9657529168573795e-05,2.398503751712758e-05,1.2814002501687132e-05,1.1737471678069483e-05,5.868465100385498e-06,6.329715961447067e-06,2.8714109946949037e-06,3.7680460994367715e-06,1.5106026293629544e-06,2.4577722222093847e-06,8.564828921476782e-07,1.730051916548621e-06,5.218822215889809e-07,1.2924695327762988e-06,3.3951647582097677e-07,1.0097492432723133e-06,2.3366842719716347e-07,8.155839851044009e-07,1.6847637206254884e-07,6.754503310620308e-07,1.2611494739490448e-07,5.702636268236429e-07,9.728623263044033e-08,4.888357440975857e-07,7.688651338410999e-08,4.2424059929985665e-07,6.197491610791978e-08,3.719805163397917e-07,5.077732066057847e-08,3.290121029526076e-07,4.21781486109198e-08,2.932032745731115e-07,3.544901063758168e-08,2.630160085324859e-07,3.0098365815647064e-08,2.3731333792233564e-07
0.8,0.00044643550704808735,0.0002585154677692145,0.00013258257471531802,7.01896506774902e-05,5.312344080827523e-05,2.971108938676278e-05,2.4022194309997503e-05,1.283214582768287e-05,1.1754258568197133e-05,5.875890274882022e-06,6.338805598013106e-06,2.8747812581612014e-06,3.7735569327796614e-06,1.5120697806556996e-06,2.4614193562098983e-06,8.572348511753149e-07,1.7327901887460155e-06,5.223306942601098e-07,1.2946340128825393e-06,3.3980607291221416e-07,1.0115191554209026e-06,2.3386548481136277e-07,8.17063254237613e-07,1.686191338394382e-07,6.767127664066572e-07,1.2622427047934694e-07,5.7135609088352e-07,9.737253839899037e-08,4.897913527939793e-07,7.695623753537823e-08,4.250839624484337e-07,6.203218864722561e-08,3.7273062355169237e-07,5.082514079572117e-08,3.296837653219085e-07,4.221855470273683e-08,2.9380824623787655e-07,3.548349216716478e-08,2.635637831230918e-07,3.012804245355546e-08,2.3781167571157816e-07
0.8500000000000001,0.00044746561148672614,0.00025907817815280207,0.00013303436771745135,7.044117929861968e-05,5.3239185204973905e-05,2.9761378188955428e-05,2.405701391384576e-05,1.2848985011240816e-05,1.1769976011046633e-05,5.882750708194798e-06,6.34734327654395e-06,2.877886241956562e-06,3.7788444866860212e-06,1.5134159629904099e-06,2.4648661257008746e-06,8.579129384119768e-07,1.7353831499124003e-06,5.227335614718252e-07,1.2966887003514317e-06,3.4006571491435975e-07,1.0132023496620139e-06,2.3404457799101746e-07,8.184723572347362e-07,1.6874697715035046e-07,6.779161024483392e-07,1.2632206209922438e-07,5.723982368117537e-07,9.74498440212643e-08,4.907035322857133e-07,7.70187777376017e-08,4.2588948977659566e-07,6.208365215029808e-08,3.734473280431173e-07,5.08681400740288e-08,3.3032574270901997e-07,4.225492942374925e-08,2.9438665933796454e-07,3.551456595816672e-08,2.640876505930016e-07,3.015481326938225e-08,2.3828837582390168e-07
0.9,0.0004484526093630193,0.00025961581911536965,0.00013346646242040332,7.06823452325866e-05,5.334913202648216e-05,2.9808380316673868e-05,2.4089488677200098e-05,1.28645158788955e-05,1.1784622035049562e-05,5.889045379050043e-06,6.35532850698641e-06,2.880725748241779e-06,3.7838113944693246e-06,1.5147052564374435e-06,2.4681532953236403e-06,8.585227539493329e-07,1.737832082402138e-06,5.230913266757826e-07,1.2986337587150307e-06,3.402955463867856e-07,1.0147988484052162e-06,2.34202884344918e-07,8.198135115169689e-07,1.6886030554888282e-07,6.790604313540144e-07,1.2640836811441243e-07,5.733900358851365e-07,9.751817452773387e-08,4.915722494910571e-07,7.707415276110621e-08,4.2665707097983707e-07,6.212934114010211e-08,3.7413061504409006e-07,5.0906338311197113e-08,3.309380041012934e-07,4.228728275208738e-08,2.9493848379308174e-07,3.554224030872124e-08,2.645875818565189e-07,3.017868303854217e-08,2.387434111657918e-07
0.9500000000000001,0.00044939640603853577,0.0002601285513220602,0.00013387891548877055,7.091310238471673e-05,5.3453257402942336e-05,2.985724399678371e-05,2.4121212291251826e-05,1.2879426514109216e-05,1.1798546362997316e-05,5.8949557693719875e-06,6.362854775024542e-06,2.883347752214553e-06,3.788482370660511e-06,1.5159702123775579e-06,2.4712536516212665e-06,8.590698348780203e-07,1.7401389133002091e-06,5.234051407831625e-07,1.3004698228386353e-06,3.404960212004057e-07,1.016308877055713e-06,2.343406059946911e-07,8.210840228911674e-07,1.6896019274879106e-07,6.801461205692359e-07,1.2648330991146086e-07,5.743314839020663e-07,9.75775684209544e-08,4.923974831989534e-07,7.712238846350482e-08,4.2738668004571203e-07,6.21692229942759e-08,3.7478046064525525e-07,5.09397665025185e-08,3.31520528988288e-07,4.231562695542851e-08,2.9546369251699834e-07,3.5566524593013355e-08,2.6506355072403247e-07,3.0199659527852986e-08,2.3917675552010474e-07
1.0,0.00045029691101994106,0.00026061652504418773,0.00013427178223031708,7.113340708229627e-05,5.355153867005383e-05,2.990389362871942e-05,2.415092244560817e-05,1.2893170591798898e-05,1.1811470977213537e-05,5.900337119287058e-06,6.369847298717178e-06,2.885713840544042e-06,3.7928375491992633e-06,1.5171021183268337e-06,2.4742193831215192e-06,8.595701419285719e-07,1.742304371358298e-06,5.236746117041144e-07,1.3021964558791232e-06,3.406669011208662e-07,1.0177322240978736e-06,2.3445766368510316e-07,8.222837307312792e-07,1.6904539546510793e-07,6.81173713427159e-07,1.2654717792252588e-07,5.752225894288319e-07,9.762804339864179e-08,4.931791977275159e-07,7.716349854848514e-08,4.280782843428336e-07,6.22033103486181e-08,3.7539680322453285e-07,5.0968427170145405e-08,3.3207330423515006e-07,4.2339979272182064e-08,2.959622606334526e-07,3.5587427391101515e-08,2.6551553189428066e-07,3.021775005422172e-08,2.3958838492679804e-07
1.05,0.000451154037967311,0.000261079880648161,0.00013464511642427316,7.134321802234261e-05,5.3673571577145944e-05,2.995713512950935e-05,2.4182771934907803e-05,1.2907960454428233e-05,1.1824579095090268e-05,5.905816568468669e-06,6.376638506366674e-06,2.8880021863779667e-06,3.7969741921564557e-06,1.5181553903342747e-06,2.4770575407303284e-06,8.600229672461754e-07,1.744347527689667e-06,5.239071537940592e-07,1.3038179551383282e-06,3.4081098593379365e-07,1.0190706752083e-06,2.3455531029789025e-07,8.234134381750206e-07,1.6911610834446166e-07,6.821428740673029e-07,1.2660077306116775e-07,5.760637255191758e-07,9.76698294536417e-08,4.939174838717151e-07,7.719758707587456e-08,4.287319211605616e-07,6.223166739282972e-08,3.759796540747173e-07,5.0992345824305986e-08,3.325963097523656e-07,4.2360378435226226e-08,2.964341860445855e-07,3.56049716380561e-08,2.659435114890485e-07,3.023296971607918e-08,2.399782831582495e-07
1.1,0.00045196770470206054,0.0002615187490505482,0.0001349989701607266,7.154249622210555e-05,5.3791537411032654e-05,3.000767698603544e-05,2.4212536805630157e-05,1.2921581089419518e-05,1.1836693882695114e-05,5.910773353708825e-06,6.382901086882172e-06,2.890038436931022e-06,3.8007976621938285e-06,1.5190775304057428e-06,2.4796910215215327e-06,8.604803673577782e-07,1.7462600784882503e-06,5.241004299860925e-07,1.3053308899641125e-06,3.4092591254363873e-07,1.0203225876385941e-06,2.346324894732852e-07,8.244723742005042e-07,1.6917184590450458e-07,6.830528161673361e-07,1.2664326812363785e-07,5.768551474928088e-07,9.770296260600952e-08,4.946122779895141e-07,7.722460286237513e-08,4.2934751041749665e-07,6.225426716035063e-08,3.765289564693261e-07,5.101151024890654e-08,3.3308949690866523e-07,4.2376801581842247e-08,2.968794326623035e-07,3.561916499021919e-08,2.663474646507123e-07,3.024532137575973e-08,2.403464247401861e-07
1.1500000000000001,0.0004527378332144885,0.0002619332521410725,0.00013533339369065935,7.173120497225868e-05,5.390327396420271e-05,3.0054795890144253e-05,2.424179874026848e-05,1.293436482799784e-05,1.184792745662155e-05,5.915263509368465e-06,6.388666903506405e-06,2.891840968298388e-06,3.8043183158295135e-06,1.5198743242188222e-06,2.482122949212496e-06,8.608656122462605e-07,1.748068141220279e-06,5.242610102527731e-07,1.3067369161055735e-06,3.4101201510209755e-07,1.0214880351024236e-06,2.3468927791103885e-07,8.254605362951812e-07,1.6921264898628028e-07,6.839035223115219e-07,1.2667443386953353e-07,5.775962091198499e-07,9.772781977097563e-08,4.952637415956255e-07,7.724463517281582e-08,4.2992503514368625e-07,6.22711262579123e-08,3.770446887671198e-07,5.102593384817064e-08,3.335528445214636e-07,4.238926003941101e-08,2.9729797143128905e-07,3.5630008589152004e-08,2.667273738681508e-07,3.0254818127242894e-08,2.406927932417845e-07
1.2000000000000002,0.00045346434967094134,0.00026232350317518713,0.0001356484352862049,7.19093097927415e-05,5.400875649073448e-05,3.009848111838406e-05,2.4269531076584857e-05,1.2946039679841577e-05,1.1858169936349935e-05,5.919230687757038e-06,6.393905021038528e-06,2.8933926064981365e-06,3.807526619326816e-06,1.5205405687884306e-06,2.4843504262542567e-06,8.61177159375853e-07,1.749748737558315e-06,5.2440028354913e-07,1.3080423083350288e-06,3.4107021822015976e-07,1.0225670682972e-06,2.3472570154799578e-07,8.263778911871176e-07,1.6923853907579467e-07,6.846949675520691e-07,1.2669429433984856e-07,5.782867917721338e-07,9.774385711284132e-08,4.958719100240399e-07,7.725789782673059e-08,4.304645526131735e-07,6.228228349638155e-08,3.7752683380696095e-07,5.103563121896268e-08,3.3398633415629127e-07,4.2397765976298e-08,2.976897842957938e-07,3.56375106126244e-08,2.6708321475676485e-07,3.0261465008895144e-08,2.4101737382889895e-07
1.25,0.00045414718442058467,0.00026268960713774815,0.00013594414111072297,7.207677839121416e-05,5.410796171650368e-05,3.0153544670105988e-05,2.429898573074703e-05,1.2958118567427147e-05,1.1868259436759887e-05,5.923158247455517e-06,6.39889566498575e-06,2.894855230184362e-06,3.810515928104949e-06,1.5211303793342948e-06,2.486405043476278e-06,8.614337605743516e-07,1.7512953593351268e-06,5.245212794102073e-07,1.3092595125831182e-06,3.4110829032822633e-07,1.0235624364931908e-06,2.347430662026254e-07,8.272252087805404e-07,1.6925006688928418e-07,6.854274881064158e-07,1.2670312040704926e-07,5.789270496337114e-07,9.775121929564647e-08,4.964365466094573e-07,7.72643280326206e-08,4.3096628486610286e-07,6.228790328144983e-08,3.779754341893991e-07,5.104064412714249e-08,3.3438996450423055e-07,4.240234298662993e-08,2.980548636662681e-07,3.56416882657355e-08,2.674149767355324e-07,3.0265273031508644e-08,2.413201498948302e-07
1.3,0.0004547862720017981,0.0002630316610791842,0.00013622055509831228,7.22335806240886e-05,5.4200867829235275e-05,3.0206506783060573e-05,2.4326399219151363e-05,1.2970201198309504e-05,1.1877619026988528e-05,5.926663756928793e-06,6.403411069603418e-06,2.896097355805893e-06,3.8132110895276097e-06,1.5216007685513e-06,2.4882618988254535e-06,8.616208360390141e-07,1.7526992495573255e-06,5.245989178477975e-07,1.3103832374350614e-06,3.411326636076222e-07,1.0244760125144418e-06,2.3474169066944821e-07,8.280020176402697e-07,1.6924689602233517e-07,6.861008095841716e-07,1.267007566481749e-07,5.795168400734931e-07,9.774983847744251e-08,4.969575714608329e-07,7.726377368952301e-08,4.3142990715292277e-07,6.228796251934424e-08,3.7839058166637594e-07,5.1041043657250534e-08,3.347637285318859e-07,4.240299992102174e-08,2.9839318910852963e-07,3.564254735922943e-08,2.677226418877541e-07,3.0266248390541277e-08,2.4160110536501427e-07
1.35,0.0004553815511481774,0.0002633497544254424,0.00013647771884240238,7.237968846010127e-05,5.428745446908152e-05,3.025587250194412e-05,2.4353642438614787e-05,1.2981692048150865e-05,1.1886144264010593e-05,5.929720713626944e-06,6.407442709950667e-06,2.8971165627179717e-06,3.815611878339404e-06,1.52195228685775e-06,2.4899216428803273e-06,8.61739022770896e-07,1.7539608741748528e-06,5.246335980893945e-07,1.3113984227574906e-06,3.41137784949186e-07,1.025317909759628e-06,2.3472429526698493e-07,8.287097515220133e-07,1.692292386310107e-07,6.867149806024806e-07,1.26687262648037e-07,5.800561727297482e-07,9.773975302272808e-08,4.974349833380612e-07,7.725626292999388e-08,4.3185541304649405e-07,6.228236139325418e-08,3.7877212584008106e-07,5.103685196095636e-08,3.351077016040971e-07,4.239980263817362e-08,2.9870476400080306e-07,3.56401039707043e-08,2.680061988925029e-07,3.0264401130240584e-08,2.4186022865317056e-07
1.4000000000000001,0.0004559329647941548,0.0002636439692628879,0.00013671567149308998,7.251507594639425e-05,5.4367702719742425e-05,3.0301629789619984e-05,2.4385580917122516e-05,1.299352408871867e-05,1.189484422262859e-05,5.932664618116696e-06,6.41115684740191e-06,2.898008172280112e-06,3.817775328161538e-06,1.5222195685898514e-06,2.4914053465144972e-06,8.618012368226674e-07,1.7550881222660914e-06,5.24630231579288e-07,1.3123080906938666e-06,3.4111629850885916e-07,1.026078429070295e-06,2.3470054911748637e-07,8.293535855566235e-07,1.6919916201603908e-07,6.872707099614145e-07,1.2666286902062496e-07,5.805451534411539e-07,9.772106218858654e-08,4.978688248926568e-07,7.724185294772922e-08,4.322428189015845e-07,6.227113653670621e-08,3.791200502943993e-07,5.102801042120956e-08,3.3542178665507214e-07,4.239276045451979e-08,2.989896385976358e-07,3.563441429605333e-08,2.682656617093088e-07,3.025974753746307e-08,2.420975122511294e-07
1.4500000000000002,0.0004564404600802311,0.0002639143805992275,0.0001369344496629059,7.263971917707429e-05,5.4441595100142385e-05,3.0343767501078402e-05,2.4414988471450434e-05,1.3006017131284347e-05,1.1903042182425773e-05,5.935312613027752e-06,6.414415776579002e-06,2.8986857720811004e-06,3.819649036444514e-06,1.5223713307871966e-06,2.4926944273953417e-06,8.617965159549271e-07,1.756074452149552e-06,5.2458494381993e-07,1.3131098685625472e-06,3.410667905085213e-07,1.026752980219592e-06,2.3465705717975527e-07,8.299330170789732e-07,1.6916204940492226e-07,6.877705846409652e-07,1.2662834465719393e-07,5.809839436925356e-07,9.769376621885672e-08,4.982590615234987e-07,7.722054336631524e-08,4.325921019428798e-07,6.225429488856947e-08,3.7943433912650873e-07,5.101452874000561e-08,3.3570596022141906e-07,4.23818365704358e-08,2.992477304890095e-07,3.562546210951177e-08,2.6850103280273496e-07,3.0252331130314604e-08,2.4231296971873723e-07
1.5,0.0004569039883578223,0.0002641610566014341,0.00013713408734072145,7.275359626421954e-05,5.450911555667624e-05,3.038227538339791e-05,2.444185907055864e-05,1.3021049546787091e-05,1.1910950573708783e-05,5.938039508197663e-06,6.417323522416455e-06,2.8991971593710797e-06,3.821260057232155e-06,1.5224240932480206e-06,2.4937992158275473e-06,8.617314439476574e-07,1.7569240260500052e-06,5.24500429358921e-07,1.3138054539446524e-06,3.4099038984161323e-07,1.0273422675836896e-06,2.3459431359223375e-07,8.304422203794898e-07,1.691120720837952e-07,6.882162407609419e-07,1.265877476790914e-07,5.813747336819174e-07,9.765848397535524e-08,4.986059102421804e-07,7.719239361174608e-08,4.329032758891775e-07,6.223186698861414e-08,3.797149953337666e-07,5.099642901515586e-08,3.3596022075547933e-07,4.236704810101617e-08,2.994790356947239e-07,3.561324121697559e-08,2.6871227216991323e-07,3.0242126897055425e-08,2.425065833419881e-07
1.55,0.000457323505193719,0.00026438405881155924,0.0001373146158135259,7.285668731130793e-05,5.457024945603623e-05,3.0417144075680223e-05,2.4466187204562174e-05,1.3034660961445819e-05,1.192143740602044e-05,5.9408614048345785e-06,6.420185065394316e-06,2.8995892168840402e-06,3.822619005735281e-06,1.522381434022013e-06,2.4947215605303048e-06,8.616074064552395e-07,1.7576379363346118e-06,5.243776002743265e-07,1.3143955219812403e-06,3.408876337307452e-07,1.0278466538367869e-06,2.345126077046418e-07,8.30881374255279e-07,1.690479612042296e-07,6.886029687249823e-07,1.2653735621456513e-07,5.81718051062912e-07,9.761835200739529e-08,4.989113442872756e-07,7.715838512578069e-08,4.3317656448137395e-07,6.220394927831907e-08,3.799620262065222e-07,5.097373198268684e-08,3.361845671061682e-07,4.2348411044717455e-08,2.9968355107476025e-07,3.5597764797654106e-08,2.688993755909994e-07,3.022914311763223e-08,2.4267833550939783e-07
1.6,0.00045769897037415834,0.0002645834423412299,0.00013747606359582753,7.294897438904122e-05,5.462498357863039e-05,3.044836510896595e-05,2.4487967885644886e-05,1.3046848182256823e-05,1.193111865043553e-05,5.945458089316762e-06,6.4228887064905145e-06,2.900033129859807e-06,3.823765278324115e-06,1.5222438853308588e-06,2.49545830627519e-06,8.614217150716865e-07,1.7582143181405797e-06,5.242153195365185e-07,1.3148793752053601e-06,3.4075815405178406e-07,1.0282659172525224e-06,2.3441185051711923e-07,8.312504177988782e-07,1.6896971485872463e-07,6.889307558667099e-07,1.264761441546296e-07,5.820110194866119e-07,9.756993101607472e-08,4.991745168953662e-07,7.711960806609598e-08,4.334137840292201e-07,6.217176075864049e-08,3.801760869224426e-07,5.094661211409068e-08,3.3637905105811143e-07,4.232595433247165e-08,2.99861275552278e-07,3.557904584299887e-08,2.690623402580487e-07,3.021339084653461e-08,2.4282822281621955e-07
1.6500000000000001,0.00045803034790850995,0.0002647592560455494,0.00013761845636645328,7.303044151354179e-05,5.467330611260122e-05,3.0475930906138052e-05,2.4507196648877345e-05,1.30576083500382e-05,1.1939664997389893e-05,5.949982809918476e-06,6.427039084779698e-06,2.900845477183745e-06,3.824834510951894e-06,1.5220853586224388e-06,2.4960220208215577e-06,8.611780200206123e-07,1.7586546067505617e-06,5.240143429029237e-07,1.3152574642090784e-06,3.4060229928241073e-07,1.0286003000503078e-06,2.3429225553070618e-07,8.315494950252248e-07,1.6887746761498222e-07,6.891996853947816e-07,1.2640419650188615e-07,5.822536854833181e-07,9.751307268276039e-08,4.993941468029766e-07,7.707406574529863e-08,4.3361315661898626e-07,6.213480714127528e-08,3.8035761670652705e-07,5.091626298549275e-08,3.365445934857729e-07,4.230031264691922e-08,3.000125630317097e-07,3.555723336072047e-08,2.692011964501183e-07,3.0194893873952424e-08,2.429562453420479e-07
1.7000000000000002,0.0004583176060325735,0.0002649115426770367,0.00013774181691254445,7.310107462690142e-05,5.471520664845344e-05,3.0499834781819198e-05,2.4523869552941752e-05,1.3066938940195432e-05,1.1947074921274975e-05,5.953906218661352e-06,6.430762244949076e-06,2.902639573128414e-06,3.826484010947076e-06,1.522068129307937e-06,2.4965016979305668e-06,8.609116571920513e-07,1.7589640195500419e-06,5.237753576621274e-07,1.3155296943274766e-06,3.4041989595951343e-07,1.028849639969414e-06,2.3415374003738968e-07,8.317785458478068e-07,1.687712126901136e-07,6.894097483903058e-07,1.2632153527595557e-07,5.824460566457805e-07,9.744780508099632e-08,4.995702441134696e-07,7.702178440948816e-08,4.3377444497168367e-07,6.209236038067231e-08,3.8050552698067546e-07,5.0881371935733655e-08,3.3668047015675094e-07,4.2271307666447743e-08,3.00137637951115e-07,3.553287410903576e-08,2.693165266375819e-07,3.017409867602931e-08,2.430627146580209e-07
1.75,0.000458560717211489,0.0002650403390201697,0.00013784616508056639,7.316086158006296e-05,5.475067617429752e-05,3.052007094226836e-05,2.4537983180766045e-05,1.3074837763394327e-05,1.1953347098850693e-05,5.957227465907344e-06,6.433913531090466e-06,2.904158245013602e-06,3.8282804724581116e-06,1.5228275543560688e-06,2.4973937473105514e-06,8.608574447616733e-07,1.7592097291348666e-06,5.235284306301016e-07,1.3157080668421816e-06,3.4021304370464134e-07,1.0290143613170782e-06,2.3399643841989567e-07,8.319376044239142e-07,1.6865098326185175e-07,6.895609565509392e-07,1.262281907655507e-07,5.825881473342914e-07,9.737415886696776e-08,4.99702823192905e-07,7.696279194898949e-08,4.338976610757071e-07,6.204444437668898e-08,3.806198268287358e-07,5.0841959007199796e-08,3.367864440611516e-07,4.2238517981823524e-08,3.002359280658627e-07,3.550531340477887e-08,2.694077748485497e-07,3.0150717626328926e-08,2.431475345707742e-07
1.8,0.00045875965814225856,0.0002651456760070204,0.00013793151773417223,7.320979211801836e-05,5.477970707171534e-05,3.053663448528168e-05,2.4549534640069238e-05,1.3081302966142348e-05,1.195848040969446e-05,5.959945832160585e-06,6.436492483579053e-06,2.9054011977030595e-06,3.829750589801422e-06,1.5234490809665474e-06,2.4983338352746194e-06,8.611980000048576e-07,1.7598455989537332e-06,5.235860113025338e-07,1.3159762718561106e-06,3.400710896973856e-07,1.029115709291864e-06,2.3382988282242952e-07,8.320310898966748e-07,1.6851827037244155e-07,6.896534811076156e-07,1.2612421600756725e-07,5.826799706063332e-07,9.729215512455654e-08,4.997918912108263e-07,7.689710837115071e-08,4.339828130614084e-07,6.199107868461251e-08,3.807005242790894e-07,5.079804220539655e-08,3.3686252220581593e-07,4.2201959554929857e-08,3.0030743905874544e-07,3.547456515187669e-08,2.694748917482658e-07,3.012461525336845e-08,2.432104930583251e-07
1.85,0.0004589144097558819,0.00026522757881440216,0.0001379978887187828,7.324785786730849e-05,5.4802293112253044e-05,3.054952140010141e-05,2.455852156381984e-05,1.3086333031279128e-05,1.1962473936580604e-05,5.9620607283532685e-06,6.438498726087857e-06,2.906368189526782e-06,3.830894191933699e-06,1.5239326018876553e-06,2.499065107402622e-06,8.614629307003036e-07,1.7603586656073383e-06,5.237443934480523e-07,1.3163617958635476e-06,3.4017335861512757e-07,1.029409903803104e-06,2.338482903601532e-07,8.32197070036033e-07,1.6846763522879897e-07,6.897473392806795e-07,1.2604176281328495e-07,5.827329409664288e-07,9.720493719388564e-08,4.998391354279157e-07,7.682568302179628e-08,4.3403033772741525e-07,6.193235491196991e-08,3.8074763614369863e-07,5.0749640676477787e-08,3.369087135040048e-07,4.216164820492013e-08,3.0035217813712555e-07,3.544064315449796e-08,2.695178832534396e-07,3.009580362332616e-08,2.4325159491427066e-07
1.9000000000000001,0.0004590249572191035,0.00026528606694288065,0.00013804528883276597,7.327505232581258e-05,5.481842945454612e-05,3.055872856733684e-05,2.4564942110608904e-05,1.3089926778376903e-05,1.1965326965790366e-05,5.96357169607939e-06,6.439931965750009e-06,2.9070590323979633e-06,3.831711145737432e-06,1.5242780336407497e-06,2.4995874942605434e-06,8.61652196063587e-07,1.7607251718225265e-06,5.238575393571711e-07,1.3166371908572092e-06,3.4024641731281643e-07,1.0296271223330995e-06,2.3389857771210007e-07,8.323743513618237e-07,1.6850405064968367e-07,6.898956228919448e-07,1.2606919419305287e-07,5.828592608270278e-07,9.721927042549344e-08,4.999316009514086e-07,7.681862621170914e-08,4.340964621731055e-07,6.191318364128793e-08,3.807962492289055e-07,5.072374550627433e-08,3.3694540323968974e-07,4.213259564915216e-08,3.0038075941683094e-07,3.541057917194658e-08,2.6954084314716494e-07,3.006598635833603e-08,2.432712186042101e-07
1.9500000000000002,0.0004590912899357696,0.00026532115427793364,0.00013807372580511892,7.329137085481692e-05,5.4828112642079174e-05,3.0564253758899724e-05,2.4568794964938813e-05,1.3092083364051328e-05,1.1967038987352733e-05,5.964478407776392e-06,6.440791993284792e-06,2.907473591903926e-06,3.832201356083784e-06,1.524485316565741e-06,2.4999009462293996e-06,8.617657669458767e-07,1.7609450875678487e-06,5.239254332266423e-07,1.3168024361360381e-06,3.4029025632089146e-07,1.0297574597302422e-06,2.3392875259815688e-07,8.324807252234215e-07,1.6852590163238172e-07,6.899845973091865e-07,1.2608565429397596e-07,5.829350563996481e-07,9.723205507856184e-08,4.999970919517328e-07,7.682879754760432e-08,4.341536978179061e-07,6.192143282995784e-08,3.808467441096746e-07,5.073054172046378e-08,3.369903090150469e-07,4.213826879516591e-08,3.00420971820357e-07,3.541536811034832e-08,2.695770717931239e-07,3.007006828252519e-08,2.4330339990403796e-07
2.0,0.00045911340154779966,0.00026533284913347974,0.00013808320427958037,7.329681067335562e-05,5.4831340601584294e-05,3.056609563795664e-05,2.4570079337428957e-05,1.3092802282183183e-05,1.1967609695216373e-05,5.964780666854869e-06,6.441078683087771e-06,2.90761178737109e-06,3.832364765877486e-06,1.5245544148535771e-06,2.5000054335285057e-06,8.618036258510357e-07,1.7610183948192502e-06,5.239480655706591e-07,1.316857519276239e-06,3.403048699552768e-07,1.0298009065759189e-06,2.339388113060667e-07,8.325161840217142e-07,1.685331855816938e-07,6.900142561567337e-07,1.2609114120649734e-07,5.829603221999405e-07,9.72363167917645e-08,5.000189228182378e-07,7.683218812041227e-08,4.34172776838064e-07,6.19241826619745e-08,3.808635761581596e-07,5.0732807208960404e-08,3.370052779861952e-07,4.214015991329656e-08,3.004343762983404e-07,3.5416964481433536e-08,2.695891483210621e-07,3.0071428973332054e-08,2.4331433875894797e-07
2.0500000000000003,0.00045909128993576963,0.0002653211542779337,0.00013807372580511892,7.329137085481694e-05,5.482811264207916e-05,3.0564253758899724e-05,2.456879496493881e-05,1.3092083364051323e-05,1.1967038987352737e-05,5.964478407776391e-06,6.440791993284793e-06,2.9074735919039266e-06,3.832201356083784e-06,1.5244853165657402e-06,2.4999009462293996e-06,8.617657669458765e-07,1.7609450875678487e-06,5.239254332266423e-07,1.316802436136038e-06,3.4029025632089146e-07,1.0297574597302422e-06,2.3392875259815694e-07,8.324807252234215e-07,1.6852590163238174e-07,6.899845973091865e-07,1.2608565429397596e-07,5.82935056399648e-07,9.723205507856185e-08,4.999970919517328e-07,7.682879754760432e-08,4.341536978179061e-07,6.192143282995784e-08,3.808467441096746e-07,5.073054172046379e-08,3.369903090150469e-07,4.213826879516591e-08,3.0042097182035693e-07,3.5415368110348324e-08,2.695770717931239e-07,3.007006828252519e-08,2.4330339990403796e-07
2.1,0.0004590249572191035,0.00026528606694288065,0.00013804528883276597,7.327505232581258e-05,5.481842945454612e-05,3.055872856733684e-05,2.45649421106089e-05,1.3089926778376904e-05,1.1965326965790365e-05,5.96357169607939e-06,6.439931965750009e-06,2.9070590323979633e-06,3.831711145737432e-06,1.52427803364075e-06,2.4995874942605434e-06,8.616521960635869e-07,1.7607251718225265e-06,5.238575393571712e-07,1.316637190857209e-06,3.4024641731281643e-07,1.0296271223330995e-06,2.338985777121001e-07,8.323743513618237e-07,1.6850405064968367e-07,6.898956228919448e-07,1.2606919419305287e-07,5.828592608270278e-07,9.721927042549347e-08,4.999316009514087e-07,7.681862621170914e-08,4.340964621731055e-07,6.191318364128793e-08,3.8079624922890543e-07,5.072374550627434e-08,3.3694540323968974e-07,4.213259564915216e-08,3.00380759416831e-07,3.541057917194658e-08,2.6954084314716494e-07,3.006598635833603e-08,2.432712186042101e-07
2.15,0.0004589144097558819,0.00026522757881440216,0.00013799788871878278,7.324785786730849e-05,5.480229311225304e-05,3.054952140010141e-05,2.455852156381984e-05,1.3086333031279128e-05,1.1962473936580605e-05,5.962060728353267e-06,6.438498726087857e-06,2.9063681895267816e-06,3.830894191933699e-06,1.5239326018876557e-06,2.4990651074026224e-06,8.614629307003036e-07,1.7603586656073385e-06,5.237443934480523e-07,1.3163617958635476e-06,3.401733586151276e-07,1.029409903803104e-06,2.3384829036015315e-07,8.32197070036033e-07,1.6846763522879895e-07,6.897473392806793e-07,1.2604176281328495e-07,5.827329409664288e-07,9.720493719388564e-08,4.998391354279158e-07,7.682568302179627e-08,4.3403033772741525e-07,6.193235491196991e-08,3.8074763614369863e-07,5.0749640676477787e-08,3.369087135040048e-07,4.216164820492013e-08,3.0035217813712555e-07,3.544064315449796e-08,2.695178832534396e-07,3.009580362332616e-08,2.4325159491427066e-07
2.2,0.00045875965814225856,0.0002651456760070204,0.0001379315177341722,7.320979211801836e-05,5.4779707071715345e-05,3.0536634485281684e-05,2.4549534640069238e-05,1.3081302966142346e-05,1.1958480409694464e-05,5.959945832160586e-06,6.436492483579053e-06,2.9054011977030595e-06,3.8297505898014215e-06,1.5234490809665477e-06,2.4983338352746194e-06,8.611980000048577e-07,1.7598455989537334e-06,5.235860113025339e-07,1.3159762718561106e-06,3.400710896973855e-07,1.029115709291864e-06,2.338298828224295e-07,8.320310898966751e-07,1.6851827037244158e-07,6.896534811076156e-07,1.2612421600756725e-07,5.826799706063332e-07,9.729215512455654e-08,4.997918912108263e-07,7.689710837115071e-08,4.3398281306140847e-07,6.199107868461251e-08,3.807005242790894e-07,5.0798042205396546e-08,3.3686252220581593e-07,4.2201959554929857e-08,3.0030743905874544e-07,3.547456515187669e-08,2.6947489174826573e-07,3.012461525336845e-08,2.432104930583251e-07
2.25,0.00045856071721148893,0.0002650403390201697,0.00013784616508056639,7.316086158006296e-05,5.4750676174297505e-05,3.0520070942268355e-05,2.4537983180766048e-05,1.3074837763394327e-05,1.1953347098850691e-05,5.957227465907344e-06,6.433913531090466e-06,2.904158245013602e-06,3.828280472458111e-06,1.5228275543560688e-06,2.4973937473105514e-06,8.608574447616733e-07,1.7592097291348668e-06,5.235284306301015e-07,1.3157080668421818e-06,3.402130437046412e-07,1.0290143613170782e-06,2.3399643841989567e-07,8.319376044239142e-07,1.6865098326185175e-07,6.895609565509392e-07,1.262281907655507e-07,5.825881473342915e-07,9.737415886696776e-08,4.99702823192905e-07,7.696279194898948e-08,4.3389766107570704e-07,6.204444437668898e-08,3.8061982682873575e-07,5.0841959007199796e-08,3.3678644406115165e-07,4.2238517981823524e-08,3.002359280658627e-07,3.550531340477887e-08,2.694077748485497e-07,3.0150717626328926e-08,2.431475345707742e-07
2.3000000000000003,0.00045831760603257354,0.0002649115426770367,0.00013774181691254448,7.310107462690142e-05,5.471520664845345e-05,3.04998347818192e-05,2.4523869552941752e-05,1.306693894019543e-05,1.1947074921274977e-05,5.953906218661353e-06,6.430762244949076e-06,2.9026395731284134e-06,3.826484010947077e-06,1.5220681293079375e-06,2.4965016979305668e-06,8.609116571920515e-07,1.758964019550042e-06,5.237753576621274e-07,1.3155296943274766e-06,3.4041989595951343e-07,1.028849639969414e-06,2.341537400373897e-07,8.317785458478069e-07,1.6877121269011355e-07,6.894097483903058e-07,1.2632153527595557e-07,5.824460566457805e-07,9.744780508099633e-08,4.995702441134696e-07,7.702178440948816e-08,4.3377444497168367e-07,6.209236038067231e-08,3.8050552698067546e-07,5.0881371935733655e-08,3.36680470156751e-07,4.2271307666447743e-08,3.0013763795111497e-07,3.553287410903576e-08,2.6931652663758185e-07,3.017409867602931e-08,2.430627146580209e-07
2.35,0.00045803034790850995,0.0002647592560455494,0.00013761845636645325,7.303044151354179e-05,5.467330611260121e-05,3.0475930906138055e-05,2.4507196648877345e-05,1.3057608350038202e-05,1.1939664997389893e-05,5.949982809918478e-06,6.4270390847796984e-06,2.9008454771837443e-06,3.824834510951894e-06,1.5220853586224382e-06,2.4960220208215577e-06,8.611780200206123e-07,1.758654606750562e-06,5.240143429029237e-07,1.3152574642090786e-06,3.406022992824108e-07,1.0286003000503078e-06,2.3429225553070613e-07,8.315494950252248e-07,1.6887746761498222e-07,6.891996853947815e-07,1.2640419650188615e-07,5.82253685483318e-07,9.751307268276037e-08,4.993941468029765e-07,7.707406574529864e-08,4.3361315661898626e-07,6.213480714127528e-08,3.8035761670652705e-07,5.0916262985492746e-08,3.36544593485773e-07,4.230031264691922e-08,3.000125630317097e-07,3.555723336072047e-08,2.692011964501183e-07,3.0194893873952424e-08,2.429562453420479e-07
2.4000000000000004,0.00045769897037415834,0.0002645834423412299,0.00013747606359582753,7.294897438904122e-05,5.462498357863039e-05,3.0448365108965953e-05,2.4487967885644893e-05,1.3046848182256824e-05,1.1931118650435532e-05,5.945458089316764e-06,6.4228887064905145e-06,2.9000331298598066e-06,3.823765278324115e-06,1.522243885330859e-06,2.4954583062751902e-06,8.614217150716866e-07,1.75821431814058e-06,5.242153195365185e-07,1.3148793752053601e-06,3.4075815405178406e-07,1.0282659172525224e-06,2.3441185051711918e-07,8.312504177988782e-07,1.6896971485872463e-07,6.889307558667099e-07,1.264761441546296e-07,5.820110194866119e-07,9.756993101607473e-08,4.991745168953662e-07,7.711960806609597e-08,4.334137840292201e-07,6.217176075864049e-08,3.801760869224426e-07,5.094661211409068e-08,3.363790510581114e-07,4.232595433247165e-08,2.9986127555227803e-07,3.557904584299887e-08,2.6906234025804866e-07,3.021339084653461e-08,2.4282822281621955e-07
2.45,0.000457323505193719,0.0002643840588115592,0.00013731461581352594,7.285668731130793e-05,5.457024945603624e-05,3.0417144075680216e-05,2.4466187204562174e-05,1.303466096144582e-05,1.1921437406020441e-05,5.940861404834578e-06,6.420185065394317e-06,2.899589216884041e-06,3.822619005735281e-06,1.5223814340220131e-06,2.4947215605303048e-06,8.616074064552396e-07,1.7576379363346118e-06,5.243776002743266e-07,1.3143955219812405e-06,3.408876337307452e-07,1.0278466538367867e-06,2.3451260770464177e-07,8.30881374255279e-07,1.690479612042296e-07,6.886029687249822e-07,1.2653735621456513e-07,5.81718051062912e-07,9.761835200739529e-08,4.989113442872756e-07,7.715838512578069e-08,4.3317656448137395e-07,6.220394927831907e-08,3.799620262065222e-07,5.097373198268684e-08,3.3618456710616825e-07,4.234841104471745e-08,2.9968355107476025e-07,3.5597764797654106e-08,2.688993755909995e-07,3.022914311763223e-08,2.4267833550939783e-07
2.5,0.00045690398835782233,0.00026416105660143405,0.00013713408734072148,7.275359626421954e-05,5.450911555667624e-05,3.0382275383397914e-05,2.4441859070558636e-05,1.3021049546787088e-05,1.1910950573708785e-05,5.938039508197664e-06,6.417323522416454e-06,2.8991971593710797e-06,3.821260057232155e-06,1.5224240932480204e-06,2.4937992158275473e-06,8.617314439476574e-07,1.7569240260500052e-06,5.24500429358921e-07,1.3138054539446524e-06,3.409903898416133e-07,1.0273422675836893e-06,2.3459431359223378e-07,8.3044222037949e-07,1.691120720837952e-07,6.882162407609419e-07,1.265877476790914e-07,5.813747336819174e-07,9.765848397535524e-08,4.986059102421804e-07,7.719239361174608e-08,4.3290327588917754e-07,6.223186698861412e-08,3.797149953337665e-07,5.099642901515585e-08,3.3596022075547933e-07,4.236704810101617e-08,2.9947903569472396e-07,3.5613241216975586e-08,2.6871227216991323e-07,3.0242126897055425e-08,2.425065833419881e-07
2.5500000000000003,0.0004564404600802311,0.0002639143805992275,0.00013693444966290594,7.263971917707429e-05,5.444159510014238e-05,3.03437675010784e-05,2.441498847145043e-05,1.3006017131284349e-05,1.1903042182425773e-05,5.935312613027751e-06,6.414415776579001e-06,2.898685772081101e-06,3.819649036444514e-06,1.5223713307871966e-06,2.4926944273953417e-06,8.617965159549275e-07,1.7560744521495518e-06,5.245849438199302e-07,1.3131098685625474e-06,3.4106679050852123e-07,1.026752980219592e-06,2.346570571797553e-07,8.29933017078973e-07,1.6916204940492226e-07,6.877705846409652e-07,1.2662834465719396e-07,5.809839436925355e-07,9.769376621885673e-08,4.982590615234988e-07,7.722054336631525e-08,4.325921019428798e-07,6.225429488856947e-08,3.7943433912650873e-07,5.101452874000561e-08,3.357059602214191e-07,4.238183657043581e-08,2.9924773048900944e-07,3.562546210951178e-08,2.6850103280273496e-07,3.025233113031461e-08,2.4231296971873723e-07
2.6,0.0004559329647941548,0.0002636439692628879,0.00013671567149309,7.251507594639427e-05,5.4367702719742425e-05,3.0301629789619988e-05,2.4385580917122516e-05,1.2993524088718676e-05,1.189484422262859e-05,5.932664618116696e-06,6.41115684740191e-06,2.898008172280111e-06,3.817775328161538e-06,1.5222195685898511e-06,2.4914053465144972e-06,8.618012368226674e-07,1.7550881222660914e-06,5.246302315792878e-07,1.312308090693866e-06,3.411162985088592e-07,1.0260784290702948e-06,2.3470054911748637e-07,8.293535855566235e-07,1.691991620160391e-07,6.872707099614146e-07,1.2666286902062496e-07,5.805451534411539e-07,9.772106218858656e-08,4.978688248926569e-07,7.724185294772921e-08,4.322428189015845e-07,6.227113653670621e-08,3.7912005029439926e-07,5.1028010421209555e-08,3.3542178665507214e-07,4.239276045451978e-08,2.9898963859763586e-07,3.563441429605333e-08,2.682656617093088e-07,3.025974753746307e-08,2.420975122511294e-07
2.6500000000000004,0.00045538155114817737,0.0002633497544254424,0.00013647771884240238,7.237968846010126e-05,5.4287454469081526e-05,3.025587250194412e-05,2.435364243861479e-05,1.2981692048150865e-05,1.1886144264010596e-05,5.929720713626943e-06,6.407442709950669e-06,2.8971165627179726e-06,3.815611878339405e-06,1.5219522868577504e-06,2.4899216428803277e-06,8.61739022770896e-07,1.7539608741748528e-06,5.246335980893945e-07,1.3113984227574908e-06,3.4113778494918613e-07,1.0253179097596283e-06,2.3472429526698493e-07,8.287097515220132e-07,1.692292386310107e-07,6.867149806024807e-07,1.2668726264803703e-07,5.800561727297482e-07,9.77397530227281e-08,4.974349833380613e-07,7.725626292999388e-08,4.3185541304649405e-07,6.228236139325418e-08,3.7877212584008106e-07,5.103685196095636e-08,3.3510770160409713e-07,4.2399802638173613e-08,2.987047640008031e-07,3.56401039707043e-08,2.6800619889250284e-07,3.0264401130240584e-08,2.4186022865317056e-07
2.7,0.0004547862720017982,0.0002630316610791842,0.00013622055509831225,7.223358062408861e-05,5.420086782923527e-05,3.0206506783060573e-05,2.4326399219151363e-05,1.2970201198309504e-05,1.187761902698853e-05,5.926663756928792e-06,6.403411069603418e-06,2.8960973558058925e-06,3.81321108952761e-06,1.5216007685512999e-06,2.4882618988254535e-06,8.616208360390141e-07,1.7526992495573253e-06,5.245989178477975e-07,1.3103832374350614e-06,3.4113266360762227e-07,1.0244760125144418e-06,2.3474169066944824e-07,8.280020176402697e-07,1.6924689602233517e-07,6.861008095841716e-07,1.2670075664817492e-07,5.795168400734931e-07,9.77498384774425e-08,4.969575714608329e-07,7.726377368952301e-08,4.314299071529227e-07,6.228796251934425e-08,3.78390581666376e-07,5.104104365725053e-08,3.3476372853188585e-07,4.2402999921021734e-08,2.983931891085297e-07,3.564254735922943e-08,2.677226418877541e-07,3.026624839054127e-08,2.4160110536501427e-07
2.75,0.00045414718442058467,0.0002626896071377482,0.00013594414111072297,7.207677839121416e-05,5.410796171650369e-05,3.0153544670105995e-05,2.429898573074703e-05,1.2958118567427151e-05,1.1868259436759889e-05,5.923158247455517e-06,6.39889566498575e-06,2.894855230184363e-06,3.8105159281049495e-06,1.5211303793342948e-06,2.4864050434762784e-06,8.614337605743517e-07,1.7512953593351265e-06,5.245212794102074e-07,1.3092595125831182e-06,3.4110829032822644e-07,1.0235624364931908e-06,2.3474306620262537e-07,8.272252087805405e-07,1.6925006688928418e-07,6.854274881064158e-07,1.2670312040704923e-07,5.789270496337115e-07,9.775121929564646e-08,4.964365466094574e-07,7.72643280326206e-08,4.3096628486610286e-07,6.228790328144983e-08,3.779754341893991e-07,5.10406441271425e-08,3.3438996450423055e-07,4.240234298662993e-08,2.980548636662681e-07,3.5641688265735506e-08,2.6741497673553237e-07,3.0265273031508644e-08,2.413201498948302e-07
2.8000000000000003,0.0004534643496709413,0.00026232350317518713,0.00013564843528620488,7.19093097927415e-05,5.400875649073447e-05,3.0098481118384067e-05,2.4269531076584857e-05,1.2946039679841574e-05,1.1858169936349935e-05,5.919230687757037e-06,6.393905021038528e-06,2.893392606498136e-06,3.8075266193268163e-06,1.5205405687884304e-06,2.4843504262542567e-06,8.61177159375853e-07,1.7497487375583148e-06,5.2440028354913e-07,1.3080423083350288e-06,3.410702182201598e-07,1.0225670682972e-06,2.3472570154799578e-07,8.263778911871176e-07,1.6923853907579472e-07,6.84694967552069e-07,1.2669429433984856e-07,5.782867917721338e-07,9.774385711284132e-08,4.958719100240399e-07,7.725789782673059e-08,4.304645526131735e-07,6.228228349638157e-08,3.7752683380696095e-07,5.103563121896268e-08,3.3398633415629127e-07,4.239776597629799e-08,2.976897842957938e-07,3.563751061262441e-08,2.6708321475676485e-07,3.026146500889514e-08,2.410173738288989e-07
2.85,0.0004527378332144886,0.0002619332521410725,0.00013533339369065935,7.173120497225868e-05,5.390327396420271e-05,3.0054795890144256e-05,2.424179874026848e-05,1.2934364827997838e-05,1.184792745662155e-05,5.915263509368466e-06,6.388666903506404e-06,2.8918409682983876e-06,3.8043183158295144e-06,1.5198743242188222e-06,2.482122949212496e-06,8.608656122462606e-07,1.7480681412202792e-06,5.242610102527731e-07,1.3067369161055735e-06,3.4101201510209755e-07,1.0214880351024238e-06,2.3468927791103885e-07,8.254605362951813e-07,1.6921264898628026e-07,6.839035223115218e-07,1.2667443386953353e-07,5.775962091198499e-07,9.772781977097561e-08,4.952637415956255e-07,7.72446351728158e-08,4.299250351436862e-07,6.22711262579123e-08,3.7704468876711974e-07,5.1025933848170637e-08,3.335528445214636e-07,4.238926003941101e-08,2.9729797143128905e-07,3.5630008589152004e-08,2.6672737386815086e-07,3.025481812724289e-08,2.406927932417845e-07
2.9000000000000004,0.00045196770470206033,0.0002615187490505481,0.00013499897016072655,7.154249622210555e-05,5.3791537411032654e-05,3.0007676986035436e-05,2.4212536805630157e-05,1.2921581089419521e-05,1.1836693882695115e-05,5.9107733537088256e-06,6.382901086882172e-06,2.890038436931023e-06,3.8007976621938285e-06,1.5190775304057423e-06,2.479691021521533e-06,8.604803673577779e-07,1.7462600784882505e-06,5.241004299860925e-07,1.3053308899641123e-06,3.4092591254363873e-07,1.0203225876385943e-06,2.3463248947328522e-07,8.244723742005043e-07,1.6917184590450458e-07,6.830528161673361e-07,1.2664326812363782e-07,5.768551474928087e-07,9.77029626060095e-08,4.946122779895141e-07,7.722460286237511e-08,4.2934751041749654e-07,6.225426716035063e-08,3.7652895646932615e-07,5.101151024890654e-08,3.330894969086653e-07,4.237680158184225e-08,2.968794326623035e-07,3.561916499021919e-08,2.663474646507124e-07,3.0245321375759734e-08,2.403464247401861e-07
2.95,0.000451154037967311,0.000261079880648161,0.00013464511642427313,7.134321802234261e-05,5.3673571577145944e-05,2.995713512950935e-05,2.4182771934907807e-05,1.2907960454428234e-05,1.1824579095090264e-05,5.905816568468669e-06,6.3766385063666736e-06,2.8880021863779667e-06,3.7969741921564557e-06,1.5181553903342744e-06,2.4770575407303284e-06,8.600229672461751e-07,1.744347527689667e-06,5.239071537940594e-07,1.3038179551383282e-06,3.408109859337937e-07,1.0190706752082997e-06,2.3455531029789025e-07,8.234134381750207e-07,1.691161083444616e-07,6.82142874067303e-07,1.2660077306116775e-07,5.760637255191758e-07,9.766982945364172e-08,4.939174838717152e-07,7.719758707587458e-08,4.2873192116056154e-07,6.223166739282971e-08,3.7597965407471717e-07,5.099234582430598e-08,3.325963097523656e-07,4.2360378435226226e-08,2.9643418604458544e-07,3.56049716380561e-08,2.659435114890485e-07,3.023296971607918e-08,2.399782831582495e-07
3.0,0.00045029691101994106,0.00026061652504418773,0.00013427178223031708,7.113340708229626e-05,5.355153867005384e-05,2.9903893628719415e-05,2.415092244560817e-05,1.2893170591798893e-05,1.1811470977213539e-05,5.9003371192870575e-06,6.36984729871718e-06,2.885713840544041e-06,3.792837549199263e-06,1.5171021183268341e-06,2.4742193831215192e-06,8.595701419285717e-07,1.742304371358298e-06,5.236746117041143e-07,1.3021964558791234e-06,3.4066690112086623e-07,1.0177322240978736e-06,2.3445766368510313e-07,8.222837307312793e-07,1.690453954651079e-07,6.811737134271591e-07,1.2654717792252588e-07,5.752225894288319e-07,9.762804339864179e-08,4.931791977275159e-07,7.716349854848514e-08,4.280782843428336e-07,6.220331034861812e-08,3.753968032245328e-07,5.096842717014541e-08,3.3207330423515006e-07,4.2339979272182064e-08,2.959622606334526e-07,3.5587427391101515e-08,2.655155318942807e-07,3.0217750054221715e-08,2.3958838492679804e-07
3.0500000000000003,0.0004493964060385358,0.00026012855132206026,0.00013387891548877055,7.091310238471672e-05,5.3453257402942336e-05,2.9857243996783714e-05,2.4121212291251826e-05,1.2879426514109216e-05,1.1798546362997316e-05,5.894955769371985e-06,6.362854775024542e-06,2.8833477522145534e-06,3.788482370660511e-06,1.5159702123775576e-06,2.4712536516212665e-06,8.590698348780203e-07,1.7401389133002091e-06,5.234051407831623e-07,1.3004698228386353e-06,3.404960212004057e-07,1.016308877055713e-06,2.3434060599469116e-07,8.210840228911673e-07,1.6896019274879106e-07,6.801461205692359e-07,1.2648330991146086e-07,5.743314839020663e-07,9.75775684209544e-08,4.923974831989534e-07,7.71223884635048e-08,4.2738668004571203e-07,6.21692229942759e-08,3.7478046064525525e-07,5.09397665025185e-08,3.31520528988288e-07,4.231562695542851e-08,2.954636925169984e-07,3.5566524593013355e-08,2.6506355072403247e-07,3.019965952785298e-08,2.3917675552010474e-07
3.1,0.0004484526093630193,0.00025961581911536965,0.0001334664624204033,7.06823452325866e-05,5.334913202648216e-05,2.9808380316673868e-05,2.4089488677200098e-05,1.2864515878895497e-05,1.1784622035049558e-05,5.889045379050044e-06,6.355328506986411e-06,2.880725748241779e-06,3.7838113944693246e-06,1.5147052564374433e-06,2.4681532953236403e-06,8.585227539493327e-07,1.7378320824021376e-06,5.230913266757827e-07,1.298633758715031e-06,3.4029554638678567e-07,1.0147988484052162e-06,2.34202884344918e-07,8.19813511516969e-07,1.6886030554888282e-07,6.790604313540145e-07,1.2640836811441246e-07,5.733900358851365e-07,9.751817452773388e-08,4.915722494910571e-07,7.707415276110621e-08,4.2665707097983707e-07,6.212934114010211e-08,3.741306150440901e-07,5.090633831119712e-08,3.309380041012935e-07,4.2287282752087374e-08,2.949384837930817e-07,3.554224030872125e-08,2.645875818565189e-07,3.017868303854217e-08,2.387434111657918e-07
3.1500000000000004,0.00044746561148672614,0.0002590781781528021,0.00013303436771745135,7.044117929861968e-05,5.3239185204973905e-05,2.9761378188955425e-05,2.405701391384576e-05,1.2848985011240816e-05,1.176997601104663e-05,5.882750708194798e-06,6.34734327654395e-06,2.877886241956562e-06,3.778844486686022e-06,1.5134159629904099e-06,2.4648661257008746e-06,8.579129384119767e-07,1.7353831499124007e-06,5.227335614718252e-07,1.2966887003514317e-06,3.4006571491435975e-07,1.0132023496620139e-06,2.3404457799101746e-07,8.184723572347363e-07,1.6874697715035043e-07,6.779161024483392e-07,1.263220620992244e-07,5.723982368117537e-07,9.744984402126432e-08,4.907035322857133e-07,7.70187777376017e-08,4.2588948977659566e-07,6.208365215029809e-08,3.734473280431173e-07,5.086814007402881e-08,3.3032574270901997e-07,4.225492942374925e-08,2.9438665933796454e-07,3.551456595816673e-08,2.6408765059300165e-07,3.015481326938225e-08,2.3828837582390168e-07
3.2,0.00044643550704808735,0.0002585154677692145,0.00013258257471531802,7.01896506774902e-05,5.312344080827523e-05,2.971108938676278e-05,2.4022194309997503e-05,1.283214582768287e-05,1.1754258568197133e-05,5.875890274882022e-06,6.338805598013106e-06,2.8747812581612005e-06,3.7735569327796627e-06,1.5120697806556994e-06,2.4614193562098983e-06,8.572348511753149e-07,1.7327901887460157e-06,5.223306942601099e-07,1.2946340128825395e-06,3.398060729122142e-07,1.0115191554209026e-06,2.3386548481136274e-07,8.170632542376128e-07,1.6861913383943815e-07,6.767127664066572e-07,1.2622427047934696e-07,5.7135609088352e-07,9.737253839899036e-08,4.897913527939792e-07,7.695623753537824e-08,4.250839624484337e-07,6.203218864722562e-08,3.7273062355169237e-07,5.0825140795721185e-08,3.2968376532190844e-07,4.221855470273682e-08,2.9380824623787655e-07,3.5483492167164777e-08,2.635637831230918e-07,3.012804245355546e-08,2.3781167571157816e-07
3.25,0.0004453623948219337,0.0002579275163809165,0.00013211102557583694,6.992780794083518e-05,5.3001923918040154e-05,2.965752916857379e-05,2.3985037517127576e-05,1.2814002501687135e-05,1.173747167806948e-05,5.8684651003855e-06,6.3297159614470635e-06,2.8714109946949033e-06,3.7680460994367715e-06,1.5106026293629546e-06,2.4577722222093847e-06,8.564828921476786e-07,1.7300519165486205e-06,5.21882221588981e-07,1.2924695327762988e-06,3.395164758209767e-07,1.0097492432723133e-06,2.336684271971635e-07,8.155839851044009e-07,1.6847637206254884e-07,6.754503310620308e-07,1.2611494739490448e-07,5.702636268236429e-07,9.728623263044033e-08,4.888357440975857e-07,7.688651338410999e-08,4.2424059929985665e-07,6.197491610791976e-08,3.719805163397917e-07,5.077732066057847e-08,3.290121029526076e-07,4.217814861091979e-08,2.932032745731115e-07,3.5449010637581676e-08,2.630160085324859e-07,3.0098365815647064e-08,2.3731333792233559e-07
3.3000000000000003,0.00044424637771041625,0.0002573141409230578,0.00013161966148258824,6.965570219507162e-05,5.287466083436663e-05,2.9600713351876736e-05,2.3945551466079828e-05,1.2794559385644659e-05,1.1719617421394299e-05,5.860476280741695e-06,6.320074907627217e-06,2.867775683228922e-06,3.762391631625459e-06,1.509075205944319e-06,2.4539318303137634e-06,8.556595582969721e-07,1.7271694981155864e-06,5.213886680649247e-07,1.2901956155334711e-06,3.391970656938739e-07,1.0078941381165045e-06,2.334518973723173e-07,8.140348345777083e-07,1.6831845748837355e-07,6.741288324880488e-07,1.2599407410463082e-07,5.691208889119854e-07,9.719090956691647e-08,4.878367466615696e-07,7.680969533595065e-08,4.233594006130324e-07,6.191180175393599e-08,3.711970336023968e-07,5.0724668029384234e-08,3.2831078957873855e-07,4.2133701847707026e-08,2.925717766028916e-07,3.541111499356272e-08,2.624443598744381e-07,3.006577557893662e-08,2.3679339038425637e-07
3.35,0.0004430875627335457,0.0002566751462468567,0.00013110842284877995,6.939517632911706e-05,5.275053712341455e-05,2.9544676517536158e-05,2.3905612765793207e-05,1.2774673686142182e-05,1.1701090104410155e-05,5.852110824954239e-06,6.3099748002891175e-06,2.8639229621433848e-06,3.7564434099535244e-06,1.5074432267790527e-06,2.449895182603264e-06,8.547660019467913e-07,1.7241443619851885e-06,5.208510624535758e-07,1.2878130802766882e-06,3.388483551918446e-07,1.0059575355060973e-06,2.3321656304131696e-07,8.1241546289432e-07,1.6814548291934304e-07,6.727484341882213e-07,1.2586172123476443e-07,5.679279934151415e-07,9.70866069231509e-08,4.867945772578011e-07,7.672575041178402e-08,4.224404128608089e-07,6.184284419034344e-08,3.703802305272965e-07,5.066718644505837e-08,3.2757987299178917e-07,4.2085214949002074e-08,2.919137970938151e-07,3.5369806293116575e-08,2.618488729634364e-07,3.003026875786761e-08,2.3625186704462134e-07
3.4000000000000004,0.0004418860610193474,0.0002560103244742146,0.00013057724953822908,6.917936306022839e-05,5.2643080395376544e-05,2.9495534279425333e-05,2.3868043645864804e-05,1.2755623801833373e-05,1.1682473636233218e-05,5.843644055229731e-06,6.299551016994502e-06,2.860222914888672e-06,3.750302278124055e-06,1.5057271313930073e-06,2.445678464145458e-06,8.538119954929345e-07,1.7209825682358667e-06,5.202731388131552e-07,1.2853244063435504e-06,3.3847696477476944e-07,1.00393699930386e-06,2.3296168576469416e-07,8.107262770187913e-07,1.6795774662119917e-07,6.713094281468743e-07,1.2571804577248806e-07,5.666851197227882e-07,9.697354007989508e-08,4.857093045285599e-07,7.66346987744401e-08,4.214837080372032e-07,6.176806476452706e-08,3.695301749691432e-07,5.0604887468036786e-08,3.268194090676036e-07,4.2032697916956995e-08,2.9122938555820444e-07,3.532508464568758e-08,2.612295885755163e-07,2.999184558246497e-08,2.3568880540862285e-07
3.45,0.00044064198779363766,0.00025531945430706907,0.00013002608109999786,6.895444167928207e-05,5.254079939178952e-05,2.944716581615786e-05,2.3829904539565867e-05,1.2736090909664743e-05,1.166316316538472e-05,5.834783986741091e-06,6.288654649084446e-06,2.8564364866255917e-06,3.7439804498056653e-06,1.5039063251291601e-06,2.4412665414894236e-06,8.527876822143015e-07,1.7176778362415259e-06,5.196507015697479e-07,1.2827268740480402e-06,3.380797656544005e-07,1.0018323886616622e-06,2.3268622221013663e-07,8.089666719084118e-07,1.6775474798563662e-07,6.698115179991112e-07,1.2556276746901548e-07,5.653921995737677e-07,9.685153922146005e-08,4.845808433076203e-07,7.653641255498107e-08,4.2048926129183863e-07,6.168739751044221e-08,3.686468670910197e-07,5.053772713832734e-08,3.2602941698332226e-07,4.197612191564125e-08,2.9051855956050245e-07,3.527692698258244e-08,2.605865303838777e-07,2.995049014230462e-08,2.3510423090609346e-07
3.5,0.00043935546236941695,0.00025460230028862257,0.00012945485701725863,6.87204622238951e-05,5.243919170456479e-05,2.9397912791074564e-05,2.3790463937756485e-05,1.2715733908977074e-05,1.1643002571436845e-05,5.825459776422166e-06,6.277253030086265e-06,2.8524085079868e-06,3.7373497860672097e-06,1.5019553336434107e-06,2.4366505749468155e-06,8.516888426343098e-07,1.7142279821447157e-06,5.189824178702043e-07,1.2800290136238378e-06,3.376548448320968e-07,9.996416224446291e-07,2.3238979748786936e-07,8.071365650971898e-07,1.6753638246967554e-07,6.682547099277541e-07,1.253958340079901e-07,5.64049489210836e-07,9.672056974808558e-08,4.834091862277713e-07,7.643086859705202e-08,4.1945711601071904e-07,6.160082808250734e-08,3.677303501686198e-07,5.0465701820872617e-08,3.252099405913565e-07,4.191547545171209e-08,2.897813569727035e-07,3.522532634315359e-08,2.5991973592247606e-07,2.9906196779887335e-08,2.3449817894195185e-07
3.5500000000000003,0.000438026608135886,0.0002538586120133555,0.0001288635169709834,6.84774766815393e-05,5.233228230160837e-05,2.934558571545222e-05,2.3748752686058084e-05,1.2694096661209948e-05,1.1621780827127839e-05,5.815574634143165e-06,6.265575093903397e-06,2.84816619620572e-06,3.730414572770207e-06,1.499875132309746e-06,2.4318310433628336e-06,8.505156864973398e-07,1.7106332282746056e-06,5.182683406063201e-07,1.2772259976824043e-06,3.372024744250406e-07,9.973647413800513e-07,2.3207235569815966e-07,8.052359963972454e-07,1.6730260820346907e-07,6.666390486375789e-07,1.2521763379362463e-07,5.626568593818349e-07,9.658049588992446e-08,4.82194373056563e-07,7.631804843094199e-08,4.183873194898898e-07,6.150834326654642e-08,3.66780676002471e-07,5.038880618792383e-08,3.243610203349887e-07,4.1850747793886266e-08,2.8901781928804034e-07,3.517027615378909e-08,2.592292445083711e-07,2.985896009920195e-08,2.338706873813004e-07
3.6,0.00043665555254708023,0.0002530881232824861,0.00012825200111907099,6.822553903208086e-05,5.2220107588650836e-05,2.9290202908055544e-05,2.3704778940443016e-05,1.2671183632099636e-05,1.1599500172334447e-05,5.805129869842985e-06,6.25381835239481e-06,2.843936359925729e-06,3.7232181626658117e-06,1.4976799887541644e-06,2.426814519983855e-06,8.492715992741858e-07,1.7068955757382848e-06,5.17520637810298e-07,1.2743173030241491e-06,3.3672072090976096e-07,9.95001844638665e-07,2.31733980088441e-07,8.032651090307269e-07,1.6705345049624351e-07,6.64964759261995e-07,1.2502789399147711e-07,5.612143402248393e-07,9.643130317136554e-08,4.809364637216106e-07,7.619794212302781e-08,4.17279926926631e-07,6.140993417470383e-08,3.657979105960298e-07,5.0307029076781685e-08,3.2348269977934647e-07,4.178193226084051e-08,2.882279911054684e-07,3.511177098448886e-08,2.5851509790402716e-07,2.980877671899065e-08,2.3322179503062426e-07
3.6500000000000004,0.0004352424271101243,0.0002522905512012724,0.00012762025039154309,6.79647052928362e-05,5.210270461888445e-05,2.9231782926574316e-05,2.3658551003213497e-05,1.2646999419327865e-05,1.157616294079724e-05,5.794126862584475e-06,6.241516042979014e-06,2.839455856611989e-06,3.715704709147358e-06,1.4953497640719669e-06,2.421591481033488e-06,8.4795134455938e-07,1.7030121074049176e-06,5.167364306135664e-07,1.271304381890489e-06,3.3620916986253505e-07,9.925526721537872e-07,2.313744308450978e-07,8.012238420792691e-07,1.667888084217368e-07,6.632324286891937e-07,1.248267259396622e-07,5.597219234217565e-07,9.627296446946223e-08,4.796355117401004e-07,7.607053435258704e-08,4.1613499236702966e-07,6.130562723590368e-08,3.6478209763274547e-07,5.02203547871397e-08,3.225750277905569e-07,4.1709022395689946e-08,2.874119187993904e-07,3.504980561876416e-08,2.57777341261737e-07,2.9755641815809354e-08,2.325515422763789e-07
3.7,0.00043378736737311266,0.0002514655952142648,0.00012696820680245733,6.76950335662106e-05,5.198011108627299e-05,2.9170344557603634e-05,2.3610077318246457e-05,1.262154875010048e-05,1.1551771558835893e-05,5.782567059726288e-06,6.228668792138331e-06,2.8347128503111965e-06,3.7078723937306106e-06,1.4928839103645084e-06,2.4161617866213303e-06,8.465547732036063e-07,1.6989840536349287e-06,5.159058351717451e-07,1.2681818442721184e-06,3.356670814251613e-07,9.900171246272564e-07,2.3099361721531e-07,7.991122392102104e-07,1.665091422335563e-07,6.614415693376823e-07,1.246138192122377e-07,5.581796474403809e-07,9.610546040617177e-08,4.782915779488409e-07,7.593581343999456e-08,4.149526082786053e-07,6.119538935123886e-08,3.6373328319287553e-07,5.012877565144696e-08,3.216380562051611e-07,4.163201247786938e-08,2.8656965094812845e-07,3.498437742099816e-08,2.570160194082581e-07,2.9699550979529093e-08,2.318599714927516e-07
3.75,0.000432290512912607,0.0002506129360743058,0.0001262958137792011,6.741658408998899e-05,5.1852365318850756e-05,2.9105906806572204e-05,2.355936646627601e-05,1.259483647873691e-05,1.1526328544059005e-05,5.770663389752141e-06,6.215319615327354e-06,2.82972182781683e-06,3.6997280106502597e-06,1.4902859659844386e-06,2.410527518511059e-06,8.450829952064537e-07,1.6948433601875873e-06,5.150420264107861e-07,1.264951855757678e-06,3.3509504537605897e-07,9.873955415087266e-07,2.3059164198721015e-07,7.96930446514244e-07,1.6621475059076692e-07,6.595924814527471e-07,1.2438918947028237e-07,5.565875940582437e-07,9.592878462904256e-08,4.769047320338307e-07,7.579377976899455e-08,4.137328299242944e-07,6.10792116940718e-08,3.6265152374363775e-07,5.003228552126002e-08,3.206718394736951e-07,4.155089746563886e-08,2.8570124049765247e-07,3.4915481733683776e-08,2.562311790900216e-07,2.964050046636853e-08,2.3114712689208153e-07
3.8000000000000003,0.0004307520073207627,0.0002497322347407407,0.00012560301650984352,6.71294192903469e-05,5.171950627197909e-05,2.903848888761497e-05,2.3506427160214774e-05,1.2566867584270884e-05,1.1499836504068615e-05,5.759323480058497e-06,6.202025707777517e-06,2.8246139039728107e-06,3.6913220564379424e-06,1.487580761199174e-06,2.404702303673261e-06,8.435436553919066e-07,1.6905621981968348e-06,5.141356974003733e-07,1.2616141959003656e-06,3.344933916729917e-07,9.846883049436324e-07,2.301686738363285e-07,7.946794928212843e-07,1.6590521382384005e-07,6.57684961905095e-07,1.241528181598453e-07,5.549458468269635e-07,9.574293327941499e-08,4.7547504825400957e-07,7.564449881970514e-08,4.1247573161035984e-07,6.095707991265974e-08,3.615368802962739e-07,4.99308791792228e-08,3.1967643450103655e-07,4.146567436784744e-08,2.848067407850041e-07,3.484311413404748e-08,2.5542286917943834e-07,2.9578487106072048e-08,2.3041305442504767e-07
3.85,0.000429171998192074,0.00024882313120193475,0.0001248897623092354,6.683360383765208e-05,5.1581573521528886e-05,2.8968110213386897e-05,2.3451268240515625e-05,1.2537647168062867e-05,1.1472298135159589e-05,5.747438193859319e-06,6.188201678304022e-06,2.8192472133311354e-06,3.6825990005905097e-06,1.4847406010789743e-06,2.3986710799865734e-06,8.419353720902485e-07,1.6861384940736228e-06,5.131832096663635e-07,1.2581672939329987e-06,3.3386116278151286e-07,9.818949701627276e-07,2.297243822513685e-07,7.923596016316142e-07,1.655806170908606e-07,6.557190509345969e-07,1.23904658712484e-07,5.532544617670904e-07,9.554788271803278e-08,4.740026532883302e-07,7.548790230173517e-08,4.111813467562929e-07,6.082898316493215e-08,3.6038941426417873e-07,4.982455047506908e-08,3.1865189945001766e-07,4.137634223140859e-08,2.838862057060481e-07,3.4767270189035575e-08,2.545911405358617e-07,2.951350795321891e-08,2.2965780163672102e-07
3.9000000000000004,0.0004275506371097477,0.0002478852432168058,0.0001241560010045583,6.652920470512702e-05,5.1438607256956476e-05,2.889479038481528e-05,2.339389867057535e-05,1.2507180451424842e-05,1.1443716221014051e-05,5.735008898365378e-06,6.173835619672356e-06,2.81361980485683e-06,3.673558413468722e-06,1.4817652597211683e-06,2.392433842889089e-06,8.402988857308754e-07,1.681591582557747e-06,5.121874769474032e-07,1.2546120604897607e-06,3.3319865272828335e-07,9.790157825078402e-07,2.2925949655309065e-07,7.899700680335428e-07,1.6524049169043085e-07,6.536948037547123e-07,1.2364470003492864e-07,5.515135231155812e-07,9.534362623003104e-08,4.7248763323237646e-07,7.532398954969644e-08,4.098497469663435e-07,6.069491616271872e-08,3.592091915259358e-07,4.971329496572731e-08,3.175983037225034e-07,4.128289562084902e-08,2.829396902501181e-07,3.468794678951363e-08,2.5373604604819453e-07,2.9445560520583164e-08,2.288814181398886e-07
3.95,0.00042588807963170116,0.00024691816496964867,0.00012340168534103014,6.621629123044138e-05,5.1290648274239986e-05,2.8818549180788604e-05,2.3334327532182346e-05,1.2475472773258046e-05,1.1414093631391207e-05,5.722037018264313e-06,6.158928378348963e-06,2.807732132039403e-06,3.66420063983532e-06,1.4786548597959856e-06,2.385990775013253e-06,8.385862834219549e-07,1.6768994731400949e-06,5.111450605698205e-07,1.2509476447572064e-06,3.325054603812868e-07,9.76050661236312e-07,2.2877569517621373e-07,7.875116725590121e-07,1.6488487398734806e-07,6.51612308383563e-07,1.2337292488109023e-07,5.497231101256092e-07,9.513029505853571e-08,4.7093005546026953e-07,7.515272801728529e-08,4.084810030407091e-07,6.05548730920085e-08,3.5799627981700955e-07,4.959711373366847e-08,3.1651570614069643e-07,4.1185328744260024e-08,2.8196725303998405e-07,3.4605141276884985e-08,2.528576404335158e-07,2.9374642799542902e-08,2.280839551550695e-07
4.0,0.0004241844852761847,0.00024592146563207285,0.00012262677140848334,6.590242466094459e-05,5.114096277956945e-05,2.8740733060800544e-05,2.3273090777473096e-05,1.2442736151047217e-05,1.1383517194519272e-05,5.7085601084848e-06,6.1434973680145625e-06,2.8015927236700013e-06,3.6545301906835826e-06,1.475411780764692e-06,2.379343341516091e-06,8.36798322126322e-07,1.6720627506489721e-06,5.100562322092977e-07,1.2471743452984515e-06,3.317816898862099e-07,9.72999795142982e-07,2.2827056338686662e-07,7.849835097239621e-07,1.6451366320707283e-07,6.494716546970356e-07,1.2308933087229727e-07,5.478833187988351e-07,9.490780985633562e-08,4.6932997040647976e-07,7.497411341397551e-08,4.0707519411632446e-07,6.040885228436337e-08,3.56750751980882e-07,4.947600955828475e-08,3.154041736244255e-07,4.1083639524649005e-08,2.809689558909396e-07,3.451885226390365e-08,2.5195598094497713e-07,2.9300754458462396e-08,2.2726546569768916e-07
