time_s,gamma
0.0,0.029730476802592554
0.0016666666666666668,0.029730580358983745
0.0033333333333333335,0.02973068313811474
0.005,0.02973078501278466
0.006666666666666667,0.029730885973737124
0.008333333333333333,0.029730986240935203
0.01,0.0297310856280869
0.011666666666666667,0.02973118411019741
0.013333333333333334,0.029731281821379133
0.015000000000000001,0.029731378653797155
0.016666666666666666,0.029731474589769758
0.018333333333333333,0.029731569632137102
0.02,0.029731663783732883
0.021666666666666667,0.029731757047384358
0.023333333333333334,0.029731849425912515
0.025,0.02973194092213187
0.02666666666666667,0.02973203153885063
0.028333333333333335,0.02973212127887066
0.030000000000000002,0.029732210144987472
0.03166666666666667,0.02973229813999033
0.03333333333333333,0.029732385266662133
0.035,0.029732471527779542
0.03666666666666667,0.02973255692611295
0.03833333333333334,0.029732641464426453
0.04,0.029732725145477992
0.04166666666666667,0.029732807972019232
0.043333333333333335,0.029732889946795647
0.045000000000000005,0.0297329710725465
0.04666666666666667,0.029733051352004897
0.04833333333333334,0.029733130787897768
0.05,0.029733209382945925
0.05166666666666667,0.029733287139864017
0.05333333333333334,0.029733364061360543
0.055,0.02973344015013794
0.05666666666666667,0.02973351540889258
0.058333333333333334,0.029733589840314677
0.060000000000000005,0.029733663447088454
0.06166666666666667,0.029733736231892037
0.06333333333333334,0.029733808197397554
0.065,0.029733879346271093
0.06666666666666667,0.029733949681172725
0.06833333333333334,0.029734019204756563
0.07,0.029734087919670693
0.07166666666666667,0.029734155828557263
0.07333333333333333,0.02973422293405249
0.07500000000000001,0.02973428923878664
0.07666666666666667,0.02973435474538402
0.07833333333333334,0.0297344194564631
0.08,0.02973448337463634
0.08166666666666667,0.029734546502510464
0.08333333333333334,0.029734608842686198
0.085,0.02973467039775852
0.08666666666666667,0.02973473117031647
0.08833333333333333,0.029734791162943343
0.09000000000000001,0.029734850378216573
0.09166666666666667,0.029734908818707776
0.09333333333333334,0.02973496648698284
0.095,0.029735023385601883
0.09666666666666668,0.029735079517119168
0.09833333333333334,0.029735134884083296
0.1,0.029735189489037132
0.10166666666666667,0.029735243334517776
0.10333333333333335,0.02973529642305667
0.10500000000000001,0.02973534875717952
0.10666666666666667,0.02973540033940639
0.10833333333333334,0.029735451172251636
0.11,0.029735501258224026
0.11166666666666668,0.02973555059982661
0.11333333333333334,0.029735599199556845
0.115,0.029735647059906584
0.11666666666666667,0.029735694183362082
0.11833333333333335,0.02973574057240398
0.12000000000000001,0.029735786229507337
0.12166666666666667,0.029735831157141707
0.12333333333333334,0.02973587535777103
0.125,0.02973591883385373
0.12666666666666668,0.02973596158784272
0.12833333333333335,0.029736003622185387
0.13,0.02973604493932362
0.13166666666666668,0.029736085541693855
0.13333333333333333,0.029736125431727007
0.135,0.02973616461184854
0.1366666666666667,0.0297362030844785
0.13833333333333334,0.02973624085203145
0.14,0.02973627791691659
0.14166666666666666,0.029736314281537665
0.14333333333333334,0.029736349948293026
0.14500000000000002,0.02973638491957566
0.14666666666666667,0.02973641919777315
0.14833333333333334,0.029736452785267754
0.15000000000000002,0.02973648568443636
0.15166666666666667,0.02973651789765052
0.15333333333333335,0.02973654942727645
0.155,0.029736580275675124
0.15666666666666668,0.02973661044520209
0.15833333333333335,0.029736639938207746
0.16,0.02973666875703712
0.16166666666666668,0.029736696904030024
0.16333333333333333,0.029736724381520967
0.165,0.029736751191839304
0.16666666666666669,0.029736777337309107
0.16833333333333333,0.02973680282024921
0.17,0.029736827642973324
0.1716666666666667,0.029736851807789882
0.17333333333333334,0.02973687531700221
0.17500000000000002,0.02973689817290842
0.17666666666666667,0.029736920377801485
0.17833333333333334,0.029736941933969252
0.18000000000000002,0.029736962843694394
0.18166666666666667,0.02973698310925451
0.18333333333333335,0.029737002732922048
0.18500000000000003,0.0297370217169644
0.18666666666666668,0.029737040063643888
0.18833333333333335,0.029737057775217676
0.19,0.029737074853937964
0.19166666666666668,0.029737091302051846
0.19333333333333336,0.029737107121801366
0.195,0.029737122315423584
0.19666666666666668,0.02973713688515054
0.19833333333333333,0.029737150833209266
0.2,0.029737164161821764
0.2016666666666667,0.029737176873205103
0.20333333333333334,0.029737188969571365
0.20500000000000002,0.029737200453127666
0.2066666666666667,0.029737211326076204
0.20833333333333334,0.029737221590614194
0.21000000000000002,0.02973723124893398
0.21166666666666667,0.029737240303222945
0.21333333333333335,0.029737248755663605
0.21500000000000002,0.029737256608433592
0.21666666666666667,0.029737263863705593
0.21833333333333335,0.02973727052364751
0.22,0.02973727659042234
0.22166666666666668,0.02973728206618826
0.22333333333333336,0.029737286953098567
0.225,0.0297372912533018
0.22666666666666668,0.029737294968941612
0.22833333333333336,0.029737298102156955
0.23,0.029737300655081848
0.2316666666666667,0.029737302629845645
0.23333333333333334,0.029737304028572904
0.23500000000000001,0.02973730485338339
0.2366666666666667,0.02973730510639215
0.23833333333333334,0.0297373047897095
0.24000000000000002,0.029737303905441017
0.24166666666666667,0.02973730245568755
0.24333333333333335,0.02973730044254527
0.24500000000000002,0.029737297868105646
0.24666666666666667,0.029737294734455442
0.24833333333333335,0.02973729104367676
0.25,0.029737286797847057
0.2516666666666667,0.029737281999039127
0.25333333333333335,0.029737276649321114
0.255,0.02973727075075656
0.2566666666666667,0.029737264305404333
0.25833333333333336,0.029737257315318757
0.26,0.02973724978254949
0.26166666666666666,0.02973724170914168
0.26333333333333336,0.029737233097135825
0.265,0.029737223948567863
0.26666666666666666,0.029737214265469217
0.26833333333333337,0.029737204049866735
0.27,0.02973719330378273
0.27166666666666667,0.029737182029234976
0.2733333333333334,0.029737170228236774
0.275,0.029737157902796862
0.27666666666666667,0.029737145054919516
0.2783333333333334,0.029737131686604516
0.28,0.02973711779984715
0.2816666666666667,0.02973710339663829
0.2833333333333333,0.029737088478964294
0.28500000000000003,0.029737073048807097
0.2866666666666667,0.029737057108144206
0.28833333333333333,0.02973704065894869
0.29000000000000004,0.02973702370318923
0.2916666666666667,0.029737006242830048
0.29333333333333333,0.029736988279831032
0.29500000000000004,0.02973696981614763
0.2966666666666667,0.029736950853730935
0.29833333333333334,0.029736931394527676
0.30000000000000004,0.029736911440480226
0.3016666666666667,0.029736890993526603
0.30333333333333334,0.029736870055600512
0.305,0.029736848628631275
0.3066666666666667,0.029736826714543967
0.30833333333333335,0.0297368043152593
0.31,0.02973678143269373
0.3116666666666667,0.029736758068759375
0.31333333333333335,0.02973673422536411
0.315,0.029736709904411563
0.3166666666666667,0.02973668510780102
0.31833333333333336,0.029736659837427595
0.32,0.029736634095182124
0.3216666666666667,0.02973660788295123
0.32333333333333336,0.029736581202617306
0.325,0.02973655405605852
0.32666666666666666,0.029736526445148855
0.32833333333333337,0.029736498371758065
0.33,0.029736469837751803
0.33166666666666667,0.02973644084499146
0.33333333333333337,0.029736411395334287
0.335,0.029736381490633405
0.33666666666666667,0.02973635113273772
0.3383333333333334,0.0297363203234921
0.34,0.029736289064737235
0.3416666666666667,0.029736257358309665
0.3433333333333334,0.029736225206041824
0.34500000000000003,0.029736192609762145
0.3466666666666667,0.029736159571294808
0.34833333333333333,0.029736126092460055
0.35000000000000003,0.029736092175073947
0.3516666666666667,0.02973605782094856
0.35333333333333333,0.0297360230318919
0.35500000000000004,0.029735987809707827
0.3566666666666667,0.02973595215619633
0.35833333333333334,0.029735916073153252
0.36000000000000004,0.029735879562370435
0.3616666666666667,0.02973584262563575
0.36333333333333334,0.029735805264733024
0.36500000000000005,0.029735767481442067
0.3666666666666667,0.029735729277538824
0.36833333333333335,0.029735690654795133
0.37000000000000005,0.029735651614978917
0.3716666666666667,0.029735612159854187
0.37333333333333335,0.02973557229118091
0.375,0.02973553201071517
0.3766666666666667,0.029735491320209095
0.37833333333333335,0.02973545022141098
0.38,0.029735408716065073
0.3816666666666667,0.02973536680591179
0.38333333333333336,0.02973532449268766
0.385,0.029735281778125264
0.3866666666666667,0.029735238663953358
0.38833333333333336,0.029735195151896824
0.39,0.029735151243676646
0.3916666666666667,0.029735106941009993
0.39333333333333337,0.02973506224561016
0.395,0.029735017159186635
0.39666666666666667,0.029734971683445025
0.3983333333333334,0.029734925820087205
0.4,0.029734879570811123
0.40166666666666667,0.029734832937311044
0.4033333333333334,0.029734785921277346
0.405,0.02973473852439666
0.4066666666666667,0.029734690748351843
0.4083333333333334,0.029734642594821975
0.41000000000000003,0.02973459406548235
0.4116666666666667,0.029734545162004584
0.4133333333333334,0.02973449588605644
0.41500000000000004,0.029734446239302017
0.4166666666666667,0.029734396223401703
0.41833333333333333,0.02973434584001207
0.42000000000000004,0.029734295090786088
0.4216666666666667,0.029734243977372978
0.42333333333333334,0.029734192501418257
0.42500000000000004,0.029734140664563726
0.4266666666666667,0.029734088468447568
0.42833333333333334,0.02973403591470428
0.43000000000000005,0.029733983004964663
0.4316666666666667,0.02973392974085589
0.43333333333333335,0.029733876124001475
0.43500000000000005,0.029733822156021286
0.4366666666666667,0.02973376783853158
0.43833333333333335,0.029733713173145007
0.44,0.02973365816147052
0.4416666666666667,0.029733602805113585
0.44333333333333336,0.029733547105675925
0.445,0.02973349106475585
0.4466666666666667,0.029733434683947877
0.44833333333333336,0.02973337796484314
0.45,0.029733320909029054
0.4516666666666667,0.029733263518089584
0.45333333333333337,0.029733205793605083
0.455,0.02973314773715237
0.4566666666666667,0.029733089350304734
0.45833333333333337,0.029733030634631927
0.46,0.029732971591700182
0.46166666666666667,0.02973291222307221
0.4633333333333334,0.029732852530307236
0.465,0.029732792514960967
0.4666666666666667,0.029732732178585634
0.4683333333333334,0.029732671522729952
0.47000000000000003,0.02973261054893922
0.4716666666666667,0.029732549258755188
0.4733333333333334,0.02973248765371623
0.47500000000000003,0.0297324257353572
0.4766666666666667,0.02973236350520952
0.4783333333333334,0.029732300964801197
0.48000000000000004,0.02973223811565681
0.4816666666666667,0.029732174959297464
0.48333333333333334,0.029732111497240914
0.48500000000000004,0.02973204773100146
0.4866666666666667,0.029731983662089994
0.48833333333333334,0.02973191929201409
0.49000000000000005,0.029731854622277808
0.4916666666666667,0.029731789654381946
0.49333333333333335,0.02973172438982387
0.49500000000000005,0.029731658830097603
0.4966666666666667,0.029731592976693807
0.49833333333333335,0.02973152683109978
0.5,0.029731460394799458
0.5016666666666667,0.029731393669273538
0.5033333333333334,0.02973132665599925
0.505,0.029731259356450625
0.5066666666666667,0.029731191772098278
0.5083333333333334,0.029731123904409608
0.51,0.029731055754848648
0.5116666666666667,0.02973098732487618
0.5133333333333334,0.029730918615949654
0.515,0.029730849629523288
0.5166666666666667,0.029730780367048026
0.5183333333333333,0.02973071082997148
0.52,0.029730641019738113
0.5216666666666667,0.029730570937789056
0.5233333333333333,0.029730500585562213
0.525,0.02973042996449229
0.5266666666666667,0.02973035907601068
0.5283333333333333,0.02973028792154563
0.53,0.029730216502522156
0.5316666666666667,0.029730144820362056
0.5333333333333333,0.029730072876483913
0.535,0.029730000672303126
0.5366666666666667,0.029729928209231926
0.5383333333333333,0.029729855488679326
0.54,0.029729782512051176
0.5416666666666667,0.029729709280750184
0.5433333333333333,0.029729635796175855
0.545,0.02972956205972458
0.5466666666666667,0.029729488072789582
0.5483333333333333,0.029729413836760945
0.55,0.029729339353025575
0.5516666666666667,0.029729264622967374
0.5533333333333333,0.029729189647966992
0.555,0.029729114429402008
0.5566666666666668,0.02972903896864694
0.5583333333333333,0.029728963267073142
0.56,0.0297288873260489
0.5616666666666666,0.029728811146939392
0.5633333333333334,0.02972873473110679
0.5650000000000001,0.02972865807991007
0.5666666666666667,0.029728581194705266
0.5683333333333334,0.029728504076845245
0.5700000000000001,0.02972842672767987
0.5716666666666667,0.029728349148555974
0.5733333333333334,0.029728271340817278
0.5750000000000001,0.029728193305804583
0.5766666666666667,0.029728115044855515
0.5783333333333334,0.029728036559304803
0.5800000000000001,0.029727957851792816
0.5816666666666667,0.02972787892323585
0.5833333333333334,0.029727799777456723
0.5850000000000001,0.029727720413255446
0.5866666666666667,0.029727640832497293
0.5883333333333334,0.02972756103508398
0.5900000000000001,0.029727481022329225
0.5916666666666667,0.029727400795543778
0.5933333333333334,0.029727320356035373
0.5950000000000001,0.02972723970510885
0.5966666666666667,0.029727158844066074
0.5983333333333334,0.029727077774205912
0.6000000000000001,0.029726996496824355
0.6016666666666667,0.029726915013214436
0.6033333333333334,0.029726833324666243
0.6050000000000001,0.02972675143246701
0.6066666666666667,0.029726669337900948
0.6083333333333334,0.029726587042249442
0.61,0.02972650454679097
0.6116666666666667,0.029726421852801027
0.6133333333333334,0.029726338961552357
0.615,0.029726255874314673
0.6166666666666667,0.029726172592354914
0.6183333333333334,0.029726089116937093
0.62,0.029726005449322388
0.6216666666666667,0.029725921590769092
0.6233333333333334,0.02972583754253264
0.625,0.029725753305865646
0.6266666666666667,0.029725668882017837
0.6283333333333334,0.029725584272236153
0.63,0.029725499477764702
0.6316666666666667,0.029725414499844678
0.6333333333333334,0.029725329339714567
0.635,0.02972524399860998
0.6366666666666667,0.029725158477763754
0.6383333333333334,0.0297250727784059
0.64,0.029724986901763614
0.6416666666666667,0.029724900849061354
0.6433333333333334,0.029724814621520768
0.645,0.0297247282203607
0.6466666666666667,0.02972464164679729
0.6483333333333334,0.029724554902043832
0.65,0.029724467987310904
0.6516666666666667,0.029724380903806313
0.6533333333333333,0.029724293652735146
0.655,0.029724206235299692
0.6566666666666667,0.029724118652699555
0.6583333333333333,0.02972403090613158
0.66,0.029723942996789883
0.6616666666666667,0.029723854958754837
0.6633333333333333,0.029723766930821932
0.665,0.02972367887056812
0.6666666666666667,0.02972359084841895
0.6683333333333333,0.02972350279595054
0.67,0.029723414661352164
0.6716666666666667,0.029723326371815285
0.6733333333333333,0.029723237928512596
0.675,0.02972314933261424
0.6766666666666667,0.029723060585287554
0.6783333333333333,0.029722971687697358
0.68,0.029722882641005678
0.6816666666666668,0.029722793446371985
0.6833333333333333,0.02972270410495301
0.685,0.029722614617902945
0.6866666666666668,0.029722524986373233
0.6883333333333334,0.02972243521151277
0.6900000000000001,0.029722345294467798
0.6916666666666668,0.029722255236381896
0.6933333333333334,0.02972216503839612
0.6950000000000001,0.029722074701648827
0.6966666666666667,0.029721984227275802
0.6983333333333334,0.029721893616410245
0.7000000000000001,0.029721802870182733
0.7016666666666667,0.02972171198972127
0.7033333333333334,0.029721620976151265
0.7050000000000001,0.02972152983059557
0.7066666666666667,0.02972143855417445
0.7083333333333334,0.029721347148005582
0.7100000000000001,0.02972125561320413
0.7116666666666667,0.02972116395088262
0.7133333333333334,0.02972107216215113
0.7150000000000001,0.02972098024811712
0.7166666666666667,0.0297208882098855
0.7183333333333334,0.029720796048558682
0.7200000000000001,0.029720703765236542
0.7216666666666667,0.02972061136101638
0.7233333333333334,0.029720518836993073
0.7250000000000001,0.029720426194258878
0.7266666666666667,0.029720333433903602
0.7283333333333334,0.029720240557014527
0.7300000000000001,0.029720147564676447
0.7316666666666667,0.02972005445797163
0.7333333333333334,0.029719961237979882
0.7350000000000001,0.029719867905778505
0.7366666666666667,0.02971977446244235
0.7383333333333334,0.029719680909043776
0.7400000000000001,0.029719587246652645
0.7416666666666667,0.02971949347633639
0.7433333333333334,0.029719399599159965
0.745,0.029719305616185892
0.7466666666666667,0.0297192115284742
0.7483333333333334,0.02971911733708253
0.75,0.029719023043065985
0.7516666666666667,0.029718928647477386
0.7533333333333334,0.029718834151366974
0.755,0.029718739555782615
0.7566666666666667,0.029718644861769825
0.7583333333333334,0.02971855007037157
0.76,0.02971845518262855
0.7616666666666667,0.02971836019957893
0.7633333333333334,0.029718265122258548
0.765,0.029718169951700856
0.7666666666666667,0.029718074688936835
0.7683333333333334,0.02971797933499514
0.77,0.029717883890902106
0.7716666666666667,0.029717788357681515
0.7733333333333334,0.029717692736354953
0.775,0.029717597027941512
0.7766666666666667,0.029717501233458014
0.7783333333333334,0.029717405353918886
0.78,0.02971730939033618
0.7816666666666667,0.029717213343719615
0.7833333333333334,0.029717117215076565
0.785,0.029717021005412094
0.7866666666666667,0.029716924715728885
0.7883333333333333,0.029716828347027317
0.79,0.029716731900305434
0.7916666666666667,0.02971663537655898
0.7933333333333333,0.02971653877678134
0.795,0.029716442101963628
0.7966666666666667,0.029716345353094645
0.7983333333333333,0.02971624853116085
0.8,0.029716151637146474
0.8016666666666667,0.029716054672033414
0.8033333333333333,0.029715957636801252
0.805,0.029715860532427345
0.8066666666666668,0.02971576335988671
0.8083333333333333,0.029715666120152157
0.81,0.029715568814194154
0.8116666666666668,0.029715471442980958
0.8133333333333334,0.02971537400747851
0.8150000000000001,0.029715276508650593
0.8166666666666668,0.029715178947458617
0.8183333333333334,0.029715081324861833
0.8200000000000001,0.02971498364181718
0.8216666666666668,0.029714885899279418
0.8233333333333334,0.02971478809820103
0.8250000000000001,0.029714690239532306
0.8266666666666668,0.029714592324221276
0.8283333333333334,0.029714494353213758
0.8300000000000001,0.02971439632745338
0.8316666666666667,0.029714298247881535
0.8333333333333334,0.029714200115437354
0.8350000000000001,0.02971410193105788
0.8366666666666667,0.029714003695677872
0.8383333333333334,0.029713905410229904
0.8400000000000001,0.02971380707564438
0.8416666666666667,0.029713708692849505
0.8433333333333334,0.02971361026277129
0.8450000000000001,0.029713511786333614
0.8466666666666667,0.029713413264458113
0.8483333333333334,0.029713314698064302
0.8500000000000001,0.029713216088069525
0.8516666666666667,0.029713117435388976
0.8533333333333334,0.029713018740935626
0.8550000000000001,0.029712920005620397
0.8566666666666667,0.029712821230351946
0.8583333333333334,0.029712722416036914
0.8600000000000001,0.029712623563579666
0.8616666666666667,0.029712524673882554
0.8633333333333334,0.029712425747845703
0.8650000000000001,0.029712326786367198
0.8666666666666667,0.029712227790342886
0.8683333333333334,0.029712128760666635
0.8700000000000001,0.02971202969823005
0.8716666666666667,0.029711930603922777
0.8733333333333334,0.029711831478632208
0.8750000000000001,0.029711732323243756
0.8766666666666667,0.029711633138640624
0.8783333333333334,0.02971153392570405
0.88,0.02971143468531302
0.8816666666666667,0.029711335418344594
0.8833333333333334,0.02971123612567362
0.885,0.02971113680817296
0.8866666666666667,0.02971103746671336
0.8883333333333334,0.02971093810216348
0.89,0.02971083871538995
0.8916666666666667,0.029710739307257306
0.8933333333333334,0.029710639878628063
0.895,0.02971054043036264
0.8966666666666667,0.02971044096331939
0.8983333333333334,0.02971034147835472
0.9,0.029710241976322875
0.9016666666666667,0.029710142458076145
0.9033333333333334,0.02971004292446472
0.905,0.029709943376336805
0.9066666666666667,0.02970984381453856
0.9083333333333334,0.029709744239951524
0.91,0.029709644653444254
0.9116666666666667,0.029709545055835715
0.9133333333333334,0.02970944544792337
0.915,0.029709345830541255
0.9166666666666667,0.029709246204523455
0.9183333333333334,0.029709146570702026
0.92,0.029709046929907078
0.9216666666666667,0.02970894728296669
0.9233333333333333,0.029708847630706952
0.925,0.02970874797395199
0.9266666666666667,0.029708648313523933
0.9283333333333333,0.029708548650242934
0.93,0.029708448984927183
0.9316666666666668,0.029708349318392877
0.9333333333333333,0.029708249651454285
0.935,0.029708149984923663
0.9366666666666668,0.029708050319611344
0.9383333333333334,0.029707950656325696
0.9400000000000001,0.029707850995873142
0.9416666666666668,0.029707751339058116
0.9433333333333334,0.029707651686683184
0.9450000000000001,0.029707552039548935
0.9466666666666668,0.029707452398453942
0.9483333333333334,0.029707352764195005
0.9500000000000001,0.029707253137566843
0.9516666666666668,0.02970715351936234
0.9533333333333334,0.029707053910372434
0.9550000000000001,0.029706954311386133
0.9566666666666668,0.029706854723190523
0.9583333333333334,0.029706755146570805
0.9600000000000001,0.029706655582310254
0.9616666666666668,0.02970655603119025
0.9633333333333334,0.029706456493990254
0.9650000000000001,0.029706356971487838
0.9666666666666667,0.029706257464458725
0.9683333333333334,0.02970615797367666
0.9700000000000001,0.029706058499913552
0.9716666666666667,0.029705959043939464
0.9733333333333334,0.029705859606522497
0.9750000000000001,0.02970576018842893
0.9766666666666667,0.029705660790423145
0.9783333333333334,0.029705561413267665
0.9800000000000001,0.02970546205772315
0.9816666666666667,0.02970536272454842
0.9833333333333334,0.02970526341450037
0.9850000000000001,0.0297051641283341
0.9866666666666667,0.02970506486680284
0.9883333333333334,0.029704965630657942
0.9900000000000001,0.029704866420648967
0.9916666666666667,0.029704767237523605
0.9933333333333334,0.029704668082027676
0.9950000000000001,0.02970456895490523
0.9966666666666667,0.029704469856898445
0.9983333333333334,0.02970437078874766
1.0,0.029704271751191436
1.0016666666666667,0.029704172744966454
1.0033333333333334,0.029704073774855805
1.0050000000000001,0.029703974844315587
1.0066666666666668,0.029703875951479428
1.0083333333333333,0.029703777092896393
1.01,0.02970367826929412
1.0116666666666667,0.029703579481398453
1.0133333333333334,0.029703480729933444
1.0150000000000001,0.029703382015621387
1.0166666666666668,0.029703283339182686
1.0183333333333333,0.029703184701336077
1.02,0.02970308610279841
1.0216666666666667,0.029702987544284794
1.0233333333333334,0.029702889026508566
1.0250000000000001,0.029702790550181313
1.0266666666666668,0.029702692116012754
1.0283333333333333,0.029702593724710933
1.03,0.029702495376982083
1.0316666666666667,0.029702397073530725
1.0333333333333334,0.02970229881505953
1.0350000000000001,0.029702200602269465
1.0366666666666666,0.02970210243585978
1.0383333333333333,0.029702004316527912
1.04,0.029701906244969566
1.0416666666666667,0.02970180822187872
1.0433333333333334,0.02970171024794761
1.0450000000000002,0.029701612323866724
1.0466666666666666,0.029701514450324793
1.0483333333333333,0.029701416628008896
1.05,0.029701318857604304
1.0516666666666667,0.029701221139794565
1.0533333333333335,0.029701123475261538
1.0550000000000002,0.02970102586468534
1.0566666666666666,0.02970092830874442
1.0583333333333333,0.029700830808115457
1.06,0.02970073336347344
1.0616666666666668,0.029700635975491642
1.0633333333333335,0.029700538644841654
1.0650000000000002,0.02970044137219336
1.0666666666666667,0.02970034415821492
1.0683333333333334,0.029700247003572842
1.07,0.029700149908931876
1.0716666666666668,0.02970005287495515
1.0733333333333335,0.029699955902304107
1.0750000000000002,0.02969985899163844
1.0766666666666667,0.029699762143616224
1.0783333333333334,0.029699665358893818
1.08,0.02969956863812595
1.0816666666666668,0.029699471981965635
1.0833333333333335,0.029699375391064233
1.085,0.029699278866071436
1.0866666666666667,0.029699182407635312
1.0883333333333334,0.029699086016402185
1.09,0.029698989693016816
1.0916666666666668,0.02969889343812225
1.0933333333333335,0.029698797252359903
1.095,0.02969870113636956
1.0966666666666667,0.0296986050907893
1.0983333333333334,0.029698509116255642
1.1,0.029698413213403396
1.1016666666666668,0.029698317382865786
1.1033333333333335,0.029698221625274353
1.105,0.02969812594125907
1.1066666666666667,0.02969803033144821
1.1083333333333334,0.02969793479646848
1.11,0.02969783933694494
1.1116666666666668,0.02969774395350102
1.1133333333333335,0.029697648646758553
1.115,0.029697553417337985
1.1166666666666667,0.0296974582658592
1.1183333333333334,0.029697363192939093
1.12,0.029697268199191683
1.1216666666666668,0.02969717328523068
1.1233333333333333,0.029697078451668295
1.125,0.02969698369911506
1.1266666666666667,0.029696889028180032
1.1283333333333334,0.029696794439470577
1.1300000000000001,0.02969669993359247
1.1316666666666668,0.02969660551114998
1.1333333333333333,0.029696511172745726
1.135,0.029696416918980725
1.1366666666666667,0.029696322750454526
1.1383333333333334,0.029696228667764977
1.1400000000000001,0.029696134671508428
1.1416666666666668,0.029696040762279635
1.1433333333333333,0.02969594694067173
1.145,0.029695853207276433
1.1466666666666667,0.02969575956268376
1.1483333333333334,0.029695666007482188
1.1500000000000001,0.029695572542258707
1.1516666666666668,0.02969547916759863
1.1533333333333333,0.02969538588408587
1.155,0.029695292692302686
1.1566666666666667,0.029695199592829822
1.1583333333333334,0.02969510658624644
1.1600000000000001,0.029695013673130242
1.1616666666666668,0.029694920854057297
1.1633333333333333,0.029694828129602217
1.165,0.02969473550033801
1.1666666666666667,0.029694642966836254
1.1683333333333334,0.029694550529666845
1.1700000000000002,0.02969445818939829
1.1716666666666666,0.029694365946597506
1.1733333333333333,0.029694273801829905
1.175,0.02969418175565938
1.1766666666666667,0.029694089808648287
1.1783333333333335,0.02969399796135753
1.1800000000000002,0.02969390621434643
1.1816666666666666,0.0296938145681728
1.1833333333333333,0.029693723023393008
1.185,0.029693631580561892
1.1866666666666668,0.029693540240232748
1.1883333333333335,0.029693449002957447
1.1900000000000002,0.02969335786928626
1.1916666666666667,0.02969326683976808
1.1933333333333334,0.029693175914950236
1.195,0.029693085095378567
1.1966666666666668,0.029692994381597476
1.1983333333333335,0.029692903774149827
1.2000000000000002,0.029692813273577007
1.2016666666666667,0.02969272288041897
1.2033333333333334,0.029692632595214156
1.205,0.02969254241864301
1.2066666666666668,0.0296924523512992
1.2083333333333335,0.029692362393550758
1.2100000000000002,0.02969227254589444
1.2116666666666667,0.02969218280886135
1.2133333333333334,0.029692093182981136
1.215,0.029692003668781972
1.2166666666666668,0.029691914266790555
1.2183333333333335,0.029691824977532127
1.22,0.029691735801530516
1.2216666666666667,0.02969164673930807
1.2233333333333334,0.029691557791385704
1.225,0.029691468958282848
1.2266666666666668,0.02969138024051753
1.2283333333333335,0.0296912916386063
1.23,0.029691203153064314
1.2316666666666667,0.029691114784405254
1.2333333333333334,0.029691026533141367
1.235,0.029690938399783484
1.2366666666666668,0.02969085038484099
1.2383333333333335,0.029690762488821864
1.24,0.029690674712232624
1.2416666666666667,0.0296905870555784
1.2433333333333334,0.029690499519362885
1.245,0.029690412104088324
1.2466666666666668,0.029690324810255592
1.2483333333333335,0.029690237638364148
1.25,0.029690150588911966
1.2516666666666667,0.02969006366239572
1.2533333333333334,0.02968997685931055
1.2550000000000001,0.029689890180150322
1.2566666666666668,0.029689803625407407
1.2583333333333333,0.02968971719557281
1.26,0.029689630891136173
1.2616666666666667,0.029689544712585614
1.2633333333333334,0.02968945866040796
1.2650000000000001,0.029689372735088607
1.2666666666666668,0.029689286937111575
1.2683333333333333,0.029689201266959488
1.27,0.029689115725113575
1.2716666666666667,0.029689030312053704
1.2733333333333334,0.02968894502825834
1.2750000000000001,0.029688859874204575
1.2766666666666668,0.029688774850368114
1.2783333333333333,0.029688689957223315
1.28,0.029688605195243103
1.2816666666666667,0.029688520564899127
1.2833333333333334,0.029688436066661557
1.2850000000000001,0.02968835170099924
1.2866666666666668,0.02968826746837969
1.2883333333333333,0.029688183369269
1.29,0.029688099404131942
1.2916666666666667,0.02968801557343193
1.2933333333333334,0.02968793187763097
1.2950000000000002,0.02968784831718978
1.2966666666666669,0.029687764892567668
1.2983333333333333,0.029687681604222627
1.3,0.029687598452611274
1.3016666666666667,0.029687515438188893
1.3033333333333335,0.029687432561409436
1.3050000000000002,0.02968734982272546
1.3066666666666666,0.02968726722258825
1.3083333333333333,0.029687184761447702
1.31,0.029687102439752377
1.3116666666666668,0.029687020257949524
1.3133333333333335,0.02968693821648505
1.3150000000000002,0.029686856315803513
1.3166666666666667,0.029686774556348147
1.3183333333333334,0.029686692938560886
1.32,0.029686611462882307
1.3216666666666668,0.02968653012975166
1.3233333333333335,0.029686448939606893
1.3250000000000002,0.02968636789288462
1.3266666666666667,0.029686286990020162
1.3283333333333334,0.02968620623144748
1.33,0.02968612561759923
1.3316666666666668,0.029686045148906798
1.3333333333333335,0.029685964825800222
1.3350000000000002,0.029685884648708236
1.3366666666666667,0.02968580461805825
1.3383333333333334,0.029685724734279623
1.34,0.029685644997801186
1.3416666666666668,0.029685565409039768
1.3433333333333335,0.029685485968417094
1.3450000000000002,0.029685406676354015
1.3466666666666667,0.029685327533270175
1.3483333333333334,0.029685248539583944
1.35,0.029685169695712325
1.3516666666666668,0.029685091002071045
1.3533333333333335,0.029685012459074612
1.355,0.02968493406713619
1.3566666666666667,0.029684855826667664
1.3583333333333334,0.029684777738079624
1.36,0.029684699801781404
1.3616666666666668,0.029684622018181037
1.3633333333333335,0.029684544387685335
1.365,0.029684466910699734
1.3666666666666667,0.029684389587628476
1.3683333333333334,0.029684312418874485
1.37,0.029684235404839474
1.3716666666666668,0.02968415854592381
1.3733333333333335,0.02968408184252664
1.375,0.029684005295045862
1.3766666666666667,0.029683928903878023
1.3783333333333334,0.029683852669418517
1.3800000000000001,0.029683776592061437
1.3816666666666668,0.029683700672199588
1.3833333333333335,0.029683624910224513
1.385,0.02968354930652659
1.3866666666666667,0.02968347386149482
1.3883333333333334,0.029683398575517057
1.3900000000000001,0.029683323448979847
1.3916666666666668,0.02968324848226845
1.3933333333333333,0.02968317367576703
1.395,0.029683099029858346
1.3966666666666667,0.029683024544923952
1.3983333333333334,0.02968295022134424
1.4000000000000001,0.029682876059498247
1.4016666666666668,0.02968280205976388
1.4033333333333333,0.02968272822251773
1.405,0.029682654548135193
1.4066666666666667,0.02968258103699041
1.4083333333333334,0.02968250768945631
1.4100000000000001,0.029682434505904565
1.4116666666666668,0.02968236148670566
1.4133333333333333,0.02968228863222881
1.415,0.02968221594284201
1.4166666666666667,0.029682143418912097
1.4183333333333334,0.029682071060804564
1.4200000000000002,0.029681998868883817
1.4216666666666669,0.02968192684351294
1.4233333333333333,0.029681854985053838
1.425,0.02968178329386721
1.4266666666666667,0.029681711770312518
1.4283333333333335,0.029681640414748092
1.4300000000000002,0.029681569227530895
1.4316666666666669,0.029681498209016798
1.4333333333333333,0.029681427359560544
1.435,0.029681356679515672
1.4366666666666668,0.029681286169234253
1.4383333333333335,0.0296812158290672
1.4400000000000002,0.029681145659364392
1.4416666666666667,0.02968107566047443
1.4433333333333334,0.029681005832744724
1.445,0.029680936176521504
1.4466666666666668,0.029680866692149765
1.4483333333333335,0.029680797379973412
1.4500000000000002,0.029680728240335012
1.4516666666666667,0.029680659273576045
1.4533333333333334,0.02968059048003675
1.455,0.02968052186005621
1.4566666666666668,0.0296804534139723
1.4583333333333335,0.029680385142121752
1.4600000000000002,0.02968031704484
1.4616666666666667,0.02968024912246143
1.4633333333333334,0.02968018137531918
1.465,0.02968011380374523
1.4666666666666668,0.02968004640807033
1.4683333333333335,0.02967997918862417
1.4700000000000002,0.02967991214573511
1.4716666666666667,0.02967984527973047
1.4733333333333334,0.02967977859093632
1.475,0.02967971207967757
1.4766666666666668,0.029679645746278
1.4783333333333335,0.029679579591060188
1.4800000000000002,0.029679513614345527
1.4816666666666667,0.02967944781645428
1.4833333333333334,0.02967938219770555
1.485,0.02967931675841726
1.4866666666666668,0.029679251498906174
1.4883333333333335,0.02967918641948786
1.49,0.029679121520476814
1.4916666666666667,0.029679056802186306
1.4933333333333334,0.029678992264928452
1.495,0.029678927909014254
1.4966666666666668,0.029678863734753518
1.4983333333333335,0.02967879974245494
1.5,0.029678735932426027
1.5016666666666667,0.029678672304973144
1.5033333333333334,0.02967860886040154
1.5050000000000001,0.029678545599015276
1.5066666666666668,0.029678482521117305
1.5083333333333335,0.02967841962700941
1.51,0.029678356916992246
1.5116666666666667,0.029678294391365295
1.5133333333333334,0.02967823205042695
1.5150000000000001,0.029678169894474412
1.5166666666666668,0.0296781079238038
1.5183333333333335,0.029678046138710057
1.52,0.029677984539487
1.5216666666666667,0.029677923126427357
1.5233333333333334,0.0296778618998226
1.5250000000000001,0.029677800859963212
1.5266666666666668,0.029677740007138496
1.5283333333333333,0.029677679341636568
1.53,0.029677618863744527
1.5316666666666667,0.029677558573748233
1.5333333333333334,0.02967749847193248
1.5350000000000001,0.029677438558580974
1.5366666666666668,0.02967737883397622
1.5383333333333333,0.029677319298399656
1.54,0.02967725995213157
1.5416666666666667,0.029677200795451154
1.5433333333333334,0.029677141828636473
1.5450000000000002,0.02967708305196448
1.5466666666666669,0.029677024465710987
1.5483333333333333,0.029676966070150745
1.55,0.029676907865557333
1.5516666666666667,0.029676849852203258
1.5533333333333335,0.029676792030359916
1.5550000000000002,0.02967673440029758
1.5566666666666669,0.029676676962285403
1.5583333333333333,0.029676619716591468
1.56,0.029676562663482724
1.5616666666666668,0.029676505803225006
1.5633333333333335,0.0296764491360831
1.5650000000000002,0.029676392662320614
1.5666666666666669,0.02967633638220011
1.5683333333333334,0.029676280295983064
1.57,0.029676224403929734
1.5716666666666668,0.02967616870629949
1.5733333333333335,0.029676113203350382
1.5750000000000002,0.029676057895339527
1.5766666666666667,0.02967600278252286
1.5783333333333334,0.02967594786515524
1.58,0.02967589314349049
1.5816666666666668,0.029675838617781253
1.5833333333333335,0.029675784288279158
1.5850000000000002,0.02967573015523469
1.5866666666666667,0.02967567621889728
1.5883333333333334,0.02967562247951525
1.59,0.029675568937335875
1.5916666666666668,0.02967551559260529
1.5933333333333335,0.029675462445568585
1.5950000000000002,0.02967540949646974
1.5966666666666667,0.029675356745551718
1.5983333333333334,0.029675304193056303
1.6,0.02967525183922429
1.6016666666666668,0.029675199684295335
1.6033333333333335,0.02967514772850804
1.6050000000000002,0.029675095972099934
1.6066666666666667,0.029675044415307467
1.6083333333333334,0.029674993058366045
1.61,0.029674941901509898
1.6116666666666668,0.029674890944972315
1.6133333333333335,0.029674840188985436
1.6150000000000002,0.029674789633780365
1.6166666666666667,0.02967473927958707
1.6183333333333334,0.029674689126634603
1.62,0.02967463917515075
1.6216666666666668,0.029674589425362382
1.6233333333333335,0.02967453987749522
1.625,0.02967449053177401
1.6266666666666667,0.029674441388422308
1.6283333333333334,0.029674392447662724
1.6300000000000001,0.029674343709716725
1.6316666666666668,0.029674295174804792
1.6333333333333335,0.029674246843146297
1.635,0.029674198714959552
1.6366666666666667,0.029674150790461828
1.6383333333333334,0.029674103069869336
1.6400000000000001,0.029674055553397218
1.6416666666666668,0.029674008241259587
1.6433333333333335,0.029673961133669494
1.645,0.029673914230838927
1.6466666666666667,0.029673867532978848
1.6483333333333334,0.029673821040299083
1.6500000000000001,0.02967377475300852
1.6516666666666668,0.029673728671314955
1.6533333333333335,0.02967368279542511
1.655,0.02967363712554468
1.6566666666666667,0.029673591661878322
1.6583333333333334,0.029673546404629627
1.6600000000000001,0.029673501354001177
1.6616666666666668,0.02967345651019446
1.6633333333333333,0.02967341187340996
1.665,0.029673367443847087
1.6666666666666667,0.029673323221704236
1.6683333333333334,0.02967327920717875
1.6700000000000002,0.02967323540046696
1.6716666666666669,0.02967319180176411
1.6733333333333333,0.02967314841126442
1.675,0.029673105229161095
1.6766666666666667,0.029673062255646296
1.6783333333333335,0.029673019490911147
1.6800000000000002,0.029672976935145718
1.6816666666666669,0.02967293458853907
1.6833333333333333,0.029672892451279208
1.685,0.029672850523553115
1.6866666666666668,0.029672808805546777
1.6883333333333335,0.029672767297445092
1.6900000000000002,0.02967272599943196
1.6916666666666669,0.02967268491169025
1.6933333333333334,0.029672644034401802
1.695,0.02967260336774739
1.6966666666666668,0.029672562911906838
1.6983333333333335,0.02967252266705889
1.7000000000000002,0.029672482633381302
1.7016666666666669,0.02967244281105071
1.7033333333333334,0.029672403200242864
1.705,0.029672363801132393
1.7066666666666668,0.02967232461389296
1.7083333333333335,0.02967228563869714
1.7100000000000002,0.029672246875716568
1.7116666666666667,0.029672208325121786
1.7133333333333334,0.029672169987082386
1.715,0.02967213186176688
1.7166666666666668,0.029672093949342816
1.7183333333333335,0.02967205624997665
1.7200000000000002,0.029672018763833907
1.7216666666666667,0.029671981491079035
1.7233333333333334,0.0296719444318755
1.725,0.029671907586385767
1.7266666666666668,0.029671870954771227
1.7283333333333335,0.029671834537192302
1.7300000000000002,0.029671798333808428
1.7316666666666667,0.029671762344777943
1.7333333333333334,0.029671726570258277
1.735,0.02967169101040576
1.7366666666666668,0.029671655665375805
1.7383333333333335,0.029671620535322712
1.7400000000000002,0.029671585620399864
1.7416666666666667,0.029671550920759546
1.7433333333333334,0.029671516436553157
1.745,0.029671482167930963
1.7466666666666668,0.029671448115042336
1.7483333333333335,0.029671414278035515
1.7500000000000002,0.029671380657057884
1.7516666666666667,0.02967134725225572
1.7533333333333334,0.029671314063774303
1.7550000000000001,0.02967128109175796
1.7566666666666668,0.029671248336349994
1.7583333333333335,0.029671215797692656
1.76,0.02967118347592731
1.7616666666666667,0.029671151371194224
1.7633333333333334,0.029671119483632657
1.7650000000000001,0.029671087813380962
1.7666666666666668,0.029671056360576417
1.7683333333333335,0.02967102512535533
1.77,0.029670994107853
1.7716666666666667,0.029670963308203752
1.7733333333333334,0.02967093272654087
1.7750000000000001,0.029670902362996694
1.7766666666666668,0.029670872217702544
1.7783333333333335,0.02967084229078876
1.78,0.02967081258238466
1.7816666666666667,0.02967078309261859
1.7833333333333334,0.029670753821617914
1.7850000000000001,0.029670724769508966
1.7866666666666668,0.029670695936417163
1.7883333333333336,0.02967066732246681
1.79,0.029670638927781365
1.7916666666666667,0.029670610752483163
1.7933333333333334,0.029670582796693667
1.7950000000000002,0.02967055506053325
1.7966666666666669,0.029670527544121347
1.7983333333333333,0.029670500247576434
1.8,0.029670473171015923
1.8016666666666667,0.029670446314556335
1.8033333333333335,0.029670419678313097
1.8050000000000002,0.02967039326240075
1.8066666666666669,0.029670367066932785
1.8083333333333333,0.02967034109202171
1.81,0.029670315337779096
1.8116666666666668,0.029670289804315502
1.8133333333333335,0.029670264491740483
1.8150000000000002,0.029670239400162637
1.8166666666666669,0.0296702145296896
1.8183333333333334,0.029670189880427973
1.82,0.029670165452483396
1.8216666666666668,0.029670141245960572
1.8233333333333335,0.029670117260963157
1.8250000000000002,0.029670093497593853
1.8266666666666669,0.029670069955954396
1.8283333333333334,0.029670046636145534
1.83,0.029670023538267035
1.8316666666666668,0.02967000066241768
1.8333333333333335,0.029669978008695287
1.8350000000000002,0.029669955577196677
1.836666666666667,0.029669933368017713
1.8383333333333334,0.029669911381253314
1.84,0.02966988961699731
1.8416666666666668,0.029669868075342696
1.8433333333333335,0.02966984675638135
1.8450000000000002,0.029669825660204346
1.8466666666666667,0.029669804786901594
1.8483333333333334,0.02966978413656217
1.85,0.029669763709274134
1.8516666666666668,0.02966974350512453
1.8533333333333335,0.029669723524199484
1.8550000000000002,0.02966970376658414
1.8566666666666667,0.02966968423236265
1.8583333333333334,0.029669664921618218
1.86,0.029669645834433035
1.8616666666666668,0.029669626970888378
1.8633333333333335,0.029669608331064478
1.8650000000000002,0.02966958991504068
1.8666666666666667,0.029669571722895305
1.8683333333333334,0.029669553754705716
1.87,0.029669536010548312
1.8716666666666668,0.029669518490498512
1.8733333333333335,0.02966950119463077
1.8750000000000002,0.029669484123018574
1.8766666666666667,0.029669467275734464
1.8783333333333334,0.02966945065284996
1.8800000000000001,0.029669434254435665
1.8816666666666668,0.02966941808056118
1.8833333333333335,0.02966940213129515
1.8850000000000002,0.029669386406705273
1.8866666666666667,0.029669370906858256
1.8883333333333334,0.029669355631819844
1.8900000000000001,0.029669340581654817
1.8916666666666668,0.029669325756426994
1.8933333333333335,0.029669311156199238
1.895,0.029669296781033423
1.8966666666666667,0.02966928263099047
1.8983333333333334,0.02966926870613035
1.9000000000000001,0.029669255006511998
1.9016666666666668,0.02966924153219349
1.9033333333333335,0.029669228283231895
1.905,0.02966921525968331
1.9066666666666667,0.02966920246160285
1.9083333333333334,0.02966918988904467
1.9100000000000001,0.02966917754206202
1.9116666666666668,0.029669165420707144
1.9133333333333336,0.029669153525031296
1.915,0.029669141855084805
1.9166666666666667,0.02966913041091704
1.9183333333333334,0.029669119192576417
1.9200000000000002,0.029669108200110345
1.9216666666666669,0.029669097433565304
1.9233333333333336,0.029669086892986803
1.925,0.029669076578419395
1.9266666666666667,0.029669066489906692
1.9283333333333335,0.02966905662749129
1.9300000000000002,0.029669046991214906
1.9316666666666669,0.029669037581118194
1.9333333333333333,0.02966902839724091
1.935,0.029669019439621892
1.9366666666666668,0.029669010708298915
1.9383333333333335,0.02966900220330888
1.9400000000000002,0.029668993924687664
1.9416666666666669,0.029668985872470268
1.9433333333333334,0.02966897804669064
1.945,0.029668970447381832
1.9466666666666668,0.029668963074575897
1.9483333333333335,0.029668955928303976
1.9500000000000002,0.02966894900859619
1.9516666666666669,0.029668942315481773
1.9533333333333334,0.02966893584898895
1.955,0.02966892960914498
1.9566666666666668,0.029668923595976216
1.9583333333333335,0.02966891780950796
1.9600000000000002,0.0296689122497647
1.961666666666667,0.029668906916769867
1.9633333333333334,0.029668901810545895
1.965,0.02966889693111436
1.9666666666666668,0.02966889227849584
1.9683333333333335,0.029668887852709908
1.9700000000000002,0.029668883653775284
1.971666666666667,0.02966887968170962
1.9733333333333334,0.029668875936529688
1.975,0.02966887241825128
1.9766666666666668,0.0296688691268892
1.9783333333333335,0.029668866062457337
1.9800000000000002,0.029668863224968596
1.9816666666666667,0.029668860614434966
1.9833333333333334,0.02966885823086742
1.985,0.029668856074276027
1.9866666666666668,0.029668854144669837
1.9883333333333335,0.029668852442057022
1.9900000000000002,0.029668850966444723
1.9916666666666667,0.029668849717839195
1.9933333333333334,0.029668848696245656
1.995,0.029668847901668453
1.9966666666666668,0.029668847334110925
1.9983333333333335,0.029668846993575446
2.0,0.029668846880063462
2.001666666666667,0.02966884699357545
2.0033333333333334,0.029668847334110925
2.0050000000000003,0.029668847901668443
2.006666666666667,0.02966884869624566
2.0083333333333333,0.0296688497178392
2.0100000000000002,0.02966885096644473
2.0116666666666667,0.02966885244205702
2.0133333333333336,0.02966885414466984
2.015,0.029668856074276023
2.0166666666666666,0.029668858230867422
2.0183333333333335,0.029668860614434966
2.02,0.02966886322496859
2.021666666666667,0.02966886606245734
2.0233333333333334,0.029668869126889194
2.025,0.029668872418251276
2.026666666666667,0.029668875936529695
2.0283333333333333,0.02966887968170962
2.0300000000000002,0.02966888365377528
2.0316666666666667,0.029668887852709908
2.0333333333333337,0.02966889227849584
2.035,0.02966889693111436
2.0366666666666666,0.02966890181054591
2.0383333333333336,0.029668906916769856
2.04,0.0296689122497647
2.041666666666667,0.029668917809507967
2.0433333333333334,0.029668923595976216
2.045,0.029668929609144974
2.046666666666667,0.029668935848988946
2.0483333333333333,0.02966894231548178
2.0500000000000003,0.029668949008596197
2.0516666666666667,0.029668955928303976
2.0533333333333337,0.0296689630745759
2.055,0.02966897044738183
2.0566666666666666,0.02966897804669064
2.0583333333333336,0.029668985872470268
2.06,0.02966899392468767
2.061666666666667,0.029669002203308873
2.0633333333333335,0.029669010708298915
2.065,0.029669019439621882
2.066666666666667,0.02966902839724091
2.0683333333333334,0.029669037581118194
2.0700000000000003,0.029669046991214906
2.0716666666666668,0.029669056627491294
2.0733333333333333,0.029669066489906696
2.075,0.029669076578419402
2.0766666666666667,0.029669086892986803
2.0783333333333336,0.02966909743356531
2.08,0.029669108200110345
2.081666666666667,0.029669119192576424
2.0833333333333335,0.02966913041091705
2.085,0.029669141855084805
2.086666666666667,0.029669153525031296
2.0883333333333334,0.029669165420707137
2.0900000000000003,0.029669177542062025
2.091666666666667,0.029669189889044673
2.0933333333333333,0.029669202461602845
2.095,0.02966921525968331
2.0966666666666667,0.029669228283231895
2.0983333333333336,0.029669241532193493
2.1,0.029669255006511998
2.101666666666667,0.02966926870613035
2.1033333333333335,0.02966928263099047
2.105,0.029669296781033423
2.106666666666667,0.02966931115619924
2.1083333333333334,0.029669325756426994
2.1100000000000003,0.029669340581654824
2.111666666666667,0.02966935563181984
2.1133333333333333,0.02966937090685825
2.115,0.029669386406705273
2.1166666666666667,0.029669402131295146
2.1183333333333336,0.029669418080561172
2.12,0.029669434254435665
2.1216666666666666,0.02966945065284996
2.1233333333333335,0.029669467275734464
2.125,0.029669484123018574
2.126666666666667,0.029669501194630764
2.1283333333333334,0.029669518490498512
2.1300000000000003,0.029669536010548312
2.131666666666667,0.029669553754705723
2.1333333333333333,0.029669571722895305
2.1350000000000002,0.02966958991504069
2.1366666666666667,0.02966960833106448
2.1383333333333336,0.029669626970888378
2.14,0.02966964583443304
2.1416666666666666,0.029669664921618218
2.1433333333333335,0.02966968423236265
2.145,0.02966970376658414
2.146666666666667,0.029669723524199484
2.1483333333333334,0.029669743505124524
2.1500000000000004,0.029669763709274134
2.151666666666667,0.029669784136562172
2.1533333333333333,0.029669804786901597
2.1550000000000002,0.029669825660204343
2.1566666666666667,0.029669846756381357
2.1583333333333337,0.029669868075342696
2.16,0.029669889616997312
2.1616666666666666,0.029669911381253314
2.1633333333333336,0.029669933368017723
2.165,0.029669955577196677
2.166666666666667,0.029669978008695287
2.1683333333333334,0.02967000066241768
2.17,0.029670023538267035
2.171666666666667,0.02967004663614554
2.1733333333333333,0.0296700699559544
2.1750000000000003,0.029670093497593857
2.1766666666666667,0.029670117260963157
2.1783333333333337,0.02967014124596057
2.18,0.029670165452483396
2.1816666666666666,0.02967018988042797
2.1833333333333336,0.0296702145296896
2.185,0.029670239400162644
2.186666666666667,0.02967026449174049
2.1883333333333335,0.02967028980431551
2.19,0.029670315337779102
2.191666666666667,0.02967034109202171
2.1933333333333334,0.02967036706693279
2.1950000000000003,0.029670393262400757
2.1966666666666668,0.029670419678313097
2.1983333333333337,0.02967044631455634
2.2,0.029670473171015923
2.2016666666666667,0.029670500247576437
2.2033333333333336,0.029670527544121344
2.205,0.029670555060533253
2.206666666666667,0.029670582796693667
2.2083333333333335,0.029670610752483163
2.21,0.02967063892778136
2.211666666666667,0.029670667322466808
2.2133333333333334,0.02967069593641715
2.2150000000000003,0.029670724769508976
2.216666666666667,0.02967075382161791
2.2183333333333333,0.02967078309261859
2.22,0.02967081258238467
2.2216666666666667,0.029670842290788743
2.2233333333333336,0.029670872217702544
2.225,0.029670902362996698
2.226666666666667,0.029670932726540866
2.2283333333333335,0.029670963308203728
2.23,0.029670994107853003
2.231666666666667,0.02967102512535533
2.2333333333333334,0.029671056360576417
2.2350000000000003,0.029671087813380972
2.236666666666667,0.029671119483632657
2.2383333333333333,0.029671151371194217
2.24,0.029671183475927308
2.2416666666666667,0.02967121579769266
2.2433333333333336,0.029671248336349994
2.245,0.02967128109175796
2.2466666666666666,0.029671314063774303
2.2483333333333335,0.02967134725225572
2.25,0.029671380657057888
2.251666666666667,0.029671414278035515
2.2533333333333334,0.029671448115042333
2.2550000000000003,0.029671482167930967
2.256666666666667,0.029671516436553157
2.2583333333333333,0.02967155092075955
2.2600000000000002,0.02967158562039986
2.2616666666666667,0.02967162053532271
2.2633333333333336,0.029671655665375798
2.265,0.029671691010405763
2.2666666666666666,0.029671726570258274
2.2683333333333335,0.02967176234477794
2.27,0.02967179833380842
2.271666666666667,0.029671834537192302
2.2733333333333334,0.029671870954771227
2.2750000000000004,0.02967190758638577
2.276666666666667,0.029671944431875503
2.2783333333333333,0.02967198149107904
2.2800000000000002,0.029672018763833907
2.2816666666666667,0.029672056249976642
2.2833333333333337,0.029672093949342813
2.285,0.029672131861766884
2.2866666666666666,0.029672169987082386
2.2883333333333336,0.029672208325121786
2.29,0.029672246875716575
2.291666666666667,0.029672285638697143
2.2933333333333334,0.02967232461389297
2.295,0.029672363801132393
2.296666666666667,0.029672403200242864
2.2983333333333333,0.02967244281105071
2.3000000000000003,0.0296724826333813
2.3016666666666667,0.0296725226670589
2.3033333333333337,0.029672562911906848
2.305,0.02967260336774739
2.3066666666666666,0.0296726440344018
2.3083333333333336,0.029672684911690252
2.31,0.029672725999431958
2.311666666666667,0.029672767297445092
2.3133333333333335,0.029672808805546777
2.315,0.029672850523553115
2.316666666666667,0.029672892451279208
2.3183333333333334,0.02967293458853907
2.3200000000000003,0.029672976935145718
2.3216666666666668,0.029673019490911147
2.3233333333333337,0.029673062255646303
2.325,0.029673105229161095
2.3266666666666667,0.029673148411264436
2.3283333333333336,0.029673191801764115
2.33,0.02967323540046696
2.331666666666667,0.02967327920717875
2.3333333333333335,0.029673323221704233
2.335,0.029673367443847097
2.336666666666667,0.02967341187340996
2.3383333333333334,0.02967345651019446
2.3400000000000003,0.029673501354001177
2.341666666666667,0.02967354640462963
2.3433333333333333,0.029673591661878326
2.345,0.02967363712554468
2.3466666666666667,0.029673682795425115
2.3483333333333336,0.029673728671314948
2.35,0.02967377475300852
2.351666666666667,0.029673821040299083
2.3533333333333335,0.02967386753297884
2.355,0.029673914230838927
2.356666666666667,0.029673961133669494
2.3583333333333334,0.029674008241259594
2.3600000000000003,0.029674055553397218
2.361666666666667,0.029674103069869336
2.3633333333333333,0.029674150790461835
2.365,0.029674198714959556
2.3666666666666667,0.029674246843146297
2.3683333333333336,0.029674295174804792
2.37,0.029674343709716736
2.371666666666667,0.029674392447662727
2.3733333333333335,0.029674441388422308
2.375,0.02967449053177401
2.376666666666667,0.02967453987749522
2.3783333333333334,0.02967458942536238
2.3800000000000003,0.029674639175150754
2.381666666666667,0.029674689126634603
2.3833333333333333,0.029674739279587074
2.3850000000000002,0.029674789633780358
2.3866666666666667,0.029674840188985436
2.3883333333333336,0.029674890944972308
2.39,0.029674941901509908
2.3916666666666666,0.029674993058366045
2.3933333333333335,0.029675044415307467
2.395,0.029675095972099934
2.396666666666667,0.02967514772850805
2.3983333333333334,0.02967519968429534
2.4000000000000004,0.02967525183922429
2.401666666666667,0.02967530419305631
2.4033333333333333,0.029675356745551728
2.4050000000000002,0.02967540949646974
2.4066666666666667,0.029675462445568578
2.4083333333333337,0.02967551559260529
2.41,0.029675568937335875
2.4116666666666666,0.02967562247951525
2.4133333333333336,0.02967567621889728
2.415,0.02967573015523469
2.416666666666667,0.029675784288279168
2.4183333333333334,0.029675838617781253
2.4200000000000004,0.029675893143490492
2.421666666666667,0.029675947865155244
2.4233333333333333,0.02967600278252286
2.4250000000000003,0.02967605789533953
2.4266666666666667,0.029676113203350386
2.4283333333333337,0.029676168706299473
2.43,0.029676224403929734
2.4316666666666666,0.029676280295983064
2.4333333333333336,0.029676336382200116
2.435,0.029676392662320614
2.436666666666667,0.029676449136083086
2.4383333333333335,0.029676505803225006
2.44,0.029676562663482724
2.441666666666667,0.02967661971659147
2.4433333333333334,0.029676676962285403
2.4450000000000003,0.029676734400297576
2.4466666666666668,0.029676792030359913
2.4483333333333337,0.029676849852203258
2.45,0.02967690786555733
2.4516666666666667,0.029676966070150745
2.4533333333333336,0.02967702446571099
2.455,0.02967708305196448
2.456666666666667,0.029677141828636476
2.4583333333333335,0.02967720079545116
2.46,0.029677259952131566
2.461666666666667,0.029677319298399656
2.4633333333333334,0.02967737883397623
2.4650000000000003,0.029677438558580974
2.466666666666667,0.029677498471932486
2.4683333333333337,0.029677558573748233
2.47,0.029677618863744534
2.4716666666666667,0.029677679341636568
2.4733333333333336,0.02967774000713849
2.475,0.029677800859963223
2.476666666666667,0.029677861899822598
2.4783333333333335,0.029677923126427336
2.48,0.029677984539487008
2.481666666666667,0.029678046138710047
2.4833333333333334,0.029678107923803796
2.4850000000000003,0.029678169894474412
2.486666666666667,0.029678232050426943
2.4883333333333333,0.029678294391365295
2.49,0.029678356916992246
2.4916666666666667,0.02967841962700941
2.4933333333333336,0.029678482521117305
2.495,0.029678545599015276
2.496666666666667,0.02967860886040153
2.4983333333333335,0.029678672304973144
2.5,0.02967873593242602
2.501666666666667,0.02967879974245494
2.5033333333333334,0.02967886373475352
2.5050000000000003,0.029678927909014247
2.506666666666667,0.02967899226492845
2.5083333333333333,0.0296790568021863
2.5100000000000002,0.029679121520476807
2.5116666666666667,0.029679186419487857
2.5133333333333336,0.02967925149890617
2.515,0.02967931675841726
2.5166666666666666,0.02967938219770555
2.5183333333333335,0.029679447816454284
2.52,0.029679513614345527
2.521666666666667,0.029679579591060188
2.5233333333333334,0.029679645746278
2.5250000000000004,0.029679712079677577
2.526666666666667,0.02967977859093632
2.5283333333333333,0.02967984527973047
2.5300000000000002,0.02967991214573512
2.5316666666666667,0.029679979188624167
2.5333333333333337,0.029680046408070336
2.535,0.029680113803745224
2.5366666666666666,0.029680181375319175
2.5383333333333336,0.02968024912246143
2.54,0.02968031704484
2.541666666666667,0.029680385142121745
2.5433333333333334,0.0296804534139723
2.5450000000000004,0.029680521860056208
2.546666666666667,0.02968059048003675
2.5483333333333333,0.029680659273576045
2.5500000000000003,0.029680728240335012
2.5516666666666667,0.02968079737997342
2.5533333333333337,0.02968086669214976
2.555,0.029680936176521507
2.5566666666666666,0.029681005832744724
2.5583333333333336,0.029681075660474426
2.56,0.029681145659364392
2.561666666666667,0.0296812158290672
2.5633333333333335,0.02968128616923425
2.565,0.029681356679515672
2.566666666666667,0.029681427359560537
2.5683333333333334,0.02968149820901679
2.5700000000000003,0.029681569227530895
2.5716666666666668,0.029681640414748075
2.5733333333333337,0.029681711770312532
2.575,0.029681783293867222
2.5766666666666667,0.029681854985053838
2.5783333333333336,0.029681926843512937
2.58,0.029681998868883817
2.581666666666667,0.029682071060804564
2.5833333333333335,0.02968214341891209
2.585,0.02968221594284201
2.586666666666667,0.029682288632228805
2.5883333333333334,0.029682361486705673
2.5900000000000003,0.02968243450590457
2.591666666666667,0.029682507689456312
2.5933333333333337,0.029682581036990403
2.595,0.029682654548135193
2.5966666666666667,0.029682728222517725
2.5983333333333336,0.02968280205976389
2.6,0.029682876059498247
2.601666666666667,0.029682950221344245
2.6033333333333335,0.029683024544923955
2.605,0.02968309902985834
2.606666666666667,0.029683173675767036
2.6083333333333334,0.029683248482268453
2.6100000000000003,0.029683323448979834
2.611666666666667,0.02968339857551706
2.6133333333333333,0.029683473861494832
2.615,0.02968354930652659
2.6166666666666667,0.02968362491022451
2.6183333333333336,0.029683700672199588
2.62,0.029683776592061433
2.621666666666667,0.029683852669418517
2.6233333333333335,0.029683928903878023
2.625,0.02968400529504586
2.626666666666667,0.02968408184252664
2.6283333333333334,0.029684158545923794
2.6300000000000003,0.029684235404839478
2.631666666666667,0.029684312418874485
2.6333333333333333,0.029684389587628472
2.6350000000000002,0.02968446691069974
2.6366666666666667,0.02968454438768533
2.6383333333333336,0.029684622018181037
2.64,0.0296846998017814
2.641666666666667,0.029684777738079614
2.6433333333333335,0.029684855826667668
2.645,0.02968493406713619
2.646666666666667,0.02968501245907461
2.6483333333333334,0.029685091002071038
2.6500000000000004,0.02968516969571233
2.651666666666667,0.029685248539583944
2.6533333333333333,0.02968532753327018
2.6550000000000002,0.029685406676354015
2.6566666666666667,0.029685485968417087
2.6583333333333337,0.029685565409039768
2.66,0.02968564499780118
2.6616666666666666,0.029685724734279634
2.6633333333333336,0.029685804618058243
2.665,0.02968588464870824
2.666666666666667,0.029685964825800226
2.6683333333333334,0.029686045148906794
2.6700000000000004,0.029686125617599226
2.671666666666667,0.02968620623144747
2.6733333333333333,0.029686286990020162
2.6750000000000003,0.02968636789288463
2.6766666666666667,0.029686448939606896
2.6783333333333337,0.02968653012975166
2.68,0.02968661146288232
2.6816666666666666,0.029686692938560893
2.6833333333333336,0.02968677455634815
2.685,0.029686856315803516
2.686666666666667,0.02968693821648505
2.6883333333333335,0.029687020257949524
2.6900000000000004,0.029687102439752373
2.691666666666667,0.02968718476144771
2.6933333333333334,0.029687267222588257
2.6950000000000003,0.029687349822725462
2.6966666666666668,0.029687432561409436
2.6983333333333337,0.029687515438188903
2.7,0.029687598452611267
2.7016666666666667,0.029687681604222627
2.7033333333333336,0.02968776489256768
2.705,0.029687848317189774
2.706666666666667,0.029687931877630965
2.7083333333333335,0.029688015573431925
2.71,0.029688099404131942
2.711666666666667,0.029688183369268987
2.7133333333333334,0.029688267468379693
2.7150000000000003,0.029688351700999243
2.716666666666667,0.029688436066661553
2.7183333333333337,0.029688520564899123
2.72,0.029688605195243106
2.7216666666666667,0.029688689957223312
2.7233333333333336,0.02968877485036812
2.725,0.029688859874204575
2.726666666666667,0.029688945028258334
2.7283333333333335,0.029689030312053697
2.73,0.029689115725113582
2.731666666666667,0.029689201266959488
2.7333333333333334,0.029689286937111575
2.7350000000000003,0.029689372735088607
2.736666666666667,0.02968945866040796
2.7383333333333337,0.02968954471258562
2.74,0.029689630891136173
2.7416666666666667,0.02968971719557281
2.7433333333333336,0.029689803625407407
2.745,0.029689890180150325
2.746666666666667,0.029689976859310553
2.7483333333333335,0.029690063662395717
2.75,0.029690150588911977
2.751666666666667,0.029690237638364144
2.7533333333333334,0.02969032481025559
2.7550000000000003,0.029690412104088324
2.756666666666667,0.02969049951936287
2.7583333333333333,0.0296905870555784
2.7600000000000002,0.02969067471223263
2.7616666666666667,0.029690762488821864
2.7633333333333336,0.02969085038484099
2.765,0.029690938399783484
2.766666666666667,0.029691026533141367
2.7683333333333335,0.029691114784405257
2.77,0.02969120315306431
2.771666666666667,0.029691291638606305
2.7733333333333334,0.029691380240517533
2.7750000000000004,0.029691468958282854
2.776666666666667,0.029691557791385704
2.7783333333333333,0.029691646739308068
2.7800000000000002,0.029691735801530516
2.7816666666666667,0.029691824977532123
2.7833333333333337,0.029691914266790544
2.785,0.029692003668781972
2.7866666666666666,0.029692093182981136
2.7883333333333336,0.02969218280886135
2.79,0.029692272545894433
2.791666666666667,0.029692362393550754
2.7933333333333334,0.0296924523512992
2.7950000000000004,0.029692542418643032
2.796666666666667,0.02969263259521416
2.7983333333333333,0.029692722880418968
2.8000000000000003,0.02969281327357701
2.8016666666666667,0.029692903774149813
2.8033333333333337,0.029692994381597483
2.805,0.02969308509537857
2.8066666666666666,0.029693175914950236
2.8083333333333336,0.029693266839768077
2.81,0.029693357869286258
2.811666666666667,0.02969344900295744
2.8133333333333335,0.029693540240232755
2.8150000000000004,0.029693631580561885
2.816666666666667,0.029693723023393008
2.8183333333333334,0.029693814568172796
2.8200000000000003,0.029693906214346432
2.8216666666666668,0.02969399796135754
2.8233333333333337,0.029694089808648287
2.825,0.029694181755659382
2.8266666666666667,0.029694273801829905
2.8283333333333336,0.029694365946597506
2.83,0.029694458189398285
2.831666666666667,0.029694550529666845
2.8333333333333335,0.029694642966836254
2.835,0.029694735500338014
2.836666666666667,0.02969482812960222
2.8383333333333334,0.029694920854057297
2.8400000000000003,0.02969501367313023
2.841666666666667,0.029695106586246446
2.8433333333333337,0.029695199592829815
2.845,0.02969529269230268
2.8466666666666667,0.029695385884085868
2.8483333333333336,0.029695479167598616
2.85,0.0296955725422587
2.851666666666667,0.029695666007482188
2.8533333333333335,0.029695759562683745
2.855,0.029695853207276433
2.856666666666667,0.029695946940671746
2.8583333333333334,0.02969604076227962
2.8600000000000003,0.029696134671508435
2.861666666666667,0.02969622866776498
2.8633333333333337,0.029696322750454526
2.865,0.029696416918980742
2.8666666666666667,0.029696511172745722
2.8683333333333336,0.02969660551114998
2.87,0.029696699933592478
2.871666666666667,0.02969679443947058
2.8733333333333335,0.029696889028180032
2.875,0.02969698369911506
2.876666666666667,0.029697078451668295
2.8783333333333334,0.029697173285230683
2.8800000000000003,0.029697268199191676
2.881666666666667,0.02969736319293909
2.8833333333333333,0.0296974582658592
2.8850000000000002,0.02969755341733798
2.8866666666666667,0.029697648646758557
2.8883333333333336,0.02969774395350102
2.89,0.029697839336944937
2.891666666666667,0.02969793479646849
2.8933333333333335,0.029698030331448206
2.895,0.029698125941259066
2.896666666666667,0.029698221625274357
2.8983333333333334,0.02969831738286578
2.9000000000000004,0.029698413213403406
2.901666666666667,0.029698509116255642
2.9033333333333333,0.0296986050907893
2.9050000000000002,0.02969870113636955
2.9066666666666667,0.029698797252359903
2.9083333333333337,0.029698893438122254
2.91,0.029698989693016823
2.911666666666667,0.029699086016402195
2.9133333333333336,0.029699182407635305
2.915,0.029699278866071436
2.916666666666667,0.02969937539106423
2.9183333333333334,0.029699471981965635
2.9200000000000004,0.029699568638125944
2.921666666666667,0.029699665358893818
2.9233333333333333,0.02969976214361622
2.9250000000000003,0.029699858991638448
2.9266666666666667,0.029699955902304107
2.9283333333333337,0.02970005287495516
2.93,0.029700149908931876
2.9316666666666666,0.029700247003572846
2.9333333333333336,0.02970034415821492
2.935,0.029700441372193364
2.936666666666667,0.029700538644841647
2.9383333333333335,0.029700635975491642
2.9400000000000004,0.02970073336347344
2.941666666666667,0.029700830808115457
2.9433333333333334,0.029700928308744427
2.9450000000000003,0.02970102586468534
2.9466666666666668,0.02970112347526153
2.9483333333333337,0.029701221139794547
2.95,0.0297013188576043
2.9516666666666667,0.029701416628008903
2.9533333333333336,0.029701514450324807
2.955,0.02970161232386672
2.956666666666667,0.029701710247947606
2.9583333333333335,0.02970180822187872
2.9600000000000004,0.029701906244969573
2.961666666666667,0.02970200431652791
2.9633333333333334,0.02970210243585978
2.9650000000000003,0.02970220060226946
2.966666666666667,0.02970229881505953
2.9683333333333337,0.029702397073530718
2.97,0.029702495376982087
2.9716666666666667,0.029702593724710933
2.9733333333333336,0.029702692116012754
2.975,0.029702790550181303
2.976666666666667,0.029702889026508566
2.9783333333333335,0.029702987544284784
2.98,0.029703086102798412
2.981666666666667,0.029703184701336077
2.9833333333333334,0.029703283339182686
2.9850000000000003,0.029703382015621387
2.986666666666667,0.029703480729933455
2.9883333333333337,0.02970357948139845
2.99,0.029703678269294116
2.9916666666666667,0.029703777092896393
2.9933333333333336,0.029703875951479435
2.995,0.02970397484431558
2.996666666666667,0.029704073774855795
2.9983333333333335,0.029704172744966444
3.0,0.029704271751191436
3.001666666666667,0.02970437078874766
3.0033333333333334,0.02970446985689844
3.0050000000000003,0.029704568954905225
3.006666666666667,0.029704668082027683
3.0083333333333337,0.029704767237523598
3.0100000000000002,0.029704866420648967
3.0116666666666667,0.02970496563065795
3.0133333333333336,0.02970506486680284
3.015,0.0297051641283341
3.016666666666667,0.02970526341450037
3.0183333333333335,0.02970536272454842
3.02,0.02970546205772315
3.021666666666667,0.029705561413267658
3.0233333333333334,0.029705660790423135
3.0250000000000004,0.02970576018842891
3.026666666666667,0.029705859606522497
3.0283333333333333,0.029705959043939457
3.0300000000000002,0.029706058499913552
3.0316666666666667,0.029706157973676654
3.0333333333333337,0.029706257464458725
3.035,0.02970635697148784
3.036666666666667,0.029706456493990247
3.0383333333333336,0.02970655603119026
3.04,0.029706655582310247
3.041666666666667,0.029706755146570802
3.0433333333333334,0.029706854723190533
3.0450000000000004,0.029706954311386133
3.046666666666667,0.029707053910372438
3.0483333333333333,0.02970715351936234
3.0500000000000003,0.029707253137566846
3.0516666666666667,0.029707352764195005
3.0533333333333337,0.02970745239845394
3.055,0.02970755203954892
3.0566666666666666,0.029707651686683177
3.0583333333333336,0.029707751339058116
3.06,0.029707850995873142
3.061666666666667,0.029707950656325696
3.0633333333333335,0.029708050319611344
3.0650000000000004,0.029708149984923663
3.066666666666667,0.029708249651454268
3.0683333333333334,0.029708349318392877
3.0700000000000003,0.029708448984927183
3.0716666666666668,0.029708548650242934
3.0733333333333337,0.029708648313523926
3.075,0.029708747973951996
3.0766666666666667,0.029708847630706955
3.0783333333333336,0.029708947282966677
3.08,0.029709046929907085
3.081666666666667,0.029709146570702023
3.0833333333333335,0.029709246204523455
3.0850000000000004,0.029709345830541255
3.086666666666667,0.02970944544792337
3.0883333333333334,0.029709545055835722
3.0900000000000003,0.029709644653444247
3.091666666666667,0.029709744239951524
3.0933333333333337,0.02970984381453855
3.095,0.029709943376336805
3.0966666666666667,0.029710042924464716
3.0983333333333336,0.029710142458076152
3.1,0.029710241976322875
3.101666666666667,0.029710341478354725
3.1033333333333335,0.0297104409633194
3.105,0.02971054043036264
3.106666666666667,0.029710639878628053
3.1083333333333334,0.029710739307257303
3.1100000000000003,0.02971083871538995
3.111666666666667,0.029710938102163485
3.1133333333333337,0.02971103746671336
3.115,0.029711136808172958
3.1166666666666667,0.02971123612567361
3.1183333333333336,0.02971133541834459
3.12,0.029711434685313027
3.121666666666667,0.029711533925704046
3.1233333333333335,0.029711633138640624
3.125,0.029711732323243756
3.126666666666667,0.029711831478632208
3.1283333333333334,0.02971193060392277
3.1300000000000003,0.02971202969823005
3.131666666666667,0.02971212876066663
3.1333333333333337,0.029712227790342886
3.1350000000000002,0.02971232678636719
3.1366666666666667,0.02971242574784571
3.1383333333333336,0.029712524673882548
3.14,0.029712623563579673
3.141666666666667,0.029712722416036917
3.1433333333333335,0.02971282123035195
3.145,0.029712920005620404
3.146666666666667,0.029713018740935626
3.1483333333333334,0.029713117435388976
3.1500000000000004,0.029713216088069528
3.151666666666667,0.0297133146980643
3.1533333333333333,0.029713413264458113
3.1550000000000002,0.02971351178633361
3.1566666666666667,0.02971361026277129
3.1583333333333337,0.02971370869284951
3.16,0.02971380707564439
3.161666666666667,0.029713905410229904
3.1633333333333336,0.029714003695677876
3.165,0.029714101931057894
3.166666666666667,0.029714200115437368
3.1683333333333334,0.02971429824788154
3.1700000000000004,0.029714396327453377
3.171666666666667,0.029714494353213772
3.1733333333333333,0.029714592324221273
3.1750000000000003,0.029714690239532292
3.1766666666666667,0.029714788098201033
3.1783333333333337,0.029714885899279415
3.18,0.029714983641817176
3.181666666666667,0.02971508132486182
3.1833333333333336,0.02971517894745861
3.185,0.0297152765086506
3.186666666666667,0.029715374007478517
3.1883333333333335,0.029715471442980954
3.1900000000000004,0.02971556881419415
3.191666666666667,0.029715666120152154
3.1933333333333334,0.029715763359886717
3.1950000000000003,0.02971586053242733
3.1966666666666668,0.02971595763680125
3.1983333333333337,0.029716054672033417
3.2,0.029716151637146474
3.2016666666666667,0.029716248531160845
3.2033333333333336,0.029716345353094652
3.205,0.029716442101963624
3.206666666666667,0.029716538776781324
3.2083333333333335,0.029716635376558977
3.2100000000000004,0.029716731900305434
3.211666666666667,0.02971682834702732
3.2133333333333334,0.029716924715728874
3.2150000000000003,0.029717021005412077
3.216666666666667,0.029717117215076565
3.2183333333333337,0.029717213343719604
3.22,0.029717309390336167
3.2216666666666667,0.029717405353918886
3.2233333333333336,0.02971750123345802
3.225,0.02971759702794151
3.226666666666667,0.02971769273635495
3.2283333333333335,0.02971778835768151
3.2300000000000004,0.029717883890902096
3.231666666666667,0.029717979334995155
3.2333333333333334,0.02971807468893684
3.2350000000000003,0.029718169951700853
3.236666666666667,0.029718265122258544
3.2383333333333337,0.02971836019957894
3.24,0.029718455182628545
3.2416666666666667,0.02971855007037157
3.2433333333333336,0.029718644861769828
3.245,0.02971873955578262
3.246666666666667,0.029718834151366957
3.2483333333333335,0.029718928647477386
3.25,0.02971902304306599
3.251666666666667,0.029719117337082535
3.2533333333333334,0.02971921152847421
3.2550000000000003,0.029719305616185902
3.256666666666667,0.029719399599159965
3.2583333333333337,0.02971949347633639
3.2600000000000002,0.029719587246652638
3.2616666666666667,0.029719680909043773
3.2633333333333336,0.029719774462442342
3.265,0.029719867905778505
3.266666666666667,0.029719961237979882
3.2683333333333335,0.029720054457971632
3.27,0.02972014756467644
3.271666666666667,0.029720240557014534
3.2733333333333334,0.029720333433903602
3.2750000000000004,0.029720426194258878
3.276666666666667,0.02972051883699307
3.2783333333333338,0.029720611361016384
3.2800000000000002,0.02972070376523654
3.2816666666666667,0.02972079604855869
3.2833333333333337,0.029720888209885502
3.285,0.029720980248117118
3.286666666666667,0.02972107216215113
3.2883333333333336,0.029721163950882624
3.29,0.029721255613204125
3.291666666666667,0.02972134714800558
3.2933333333333334,0.02972143855417445
3.2950000000000004,0.029721529830595568
3.296666666666667,0.029721620976151268
3.2983333333333333,0.02972171198972126
3.3000000000000003,0.029721802870182737
3.3016666666666667,0.02972189361641024
3.3033333333333337,0.029721984227275802
3.305,0.029722074701648823
3.306666666666667,0.029722165038396114
3.3083333333333336,0.02972225523638191
3.31,0.029722345294467805
3.311666666666667,0.02972243521151278
3.3133333333333335,0.02972252498637323
3.3150000000000004,0.02972261461790295
3.316666666666667,0.029722704104953004
3.3183333333333334,0.029722793446371992
3.3200000000000003,0.02972288264100568
3.3216666666666668,0.02972297168769735
3.3233333333333337,0.029723060585287554
3.325,0.02972314933261424
3.3266666666666667,0.029723237928512607
3.3283333333333336,0.029723326371815285
3.33,0.029723414661352164
3.331666666666667,0.029723502795950537
3.3333333333333335,0.029723590848418954
3.3350000000000004,0.02972367887056813
3.336666666666667,0.029723766930821932
3.3383333333333334,0.029723854958754837
3.3400000000000003,0.029723942996789883
3.341666666666667,0.029724030906131575
3.3433333333333337,0.029724118652699555
3.345,0.029724206235299692
3.3466666666666667,0.029724293652735146
3.3483333333333336,0.029724380903806316
3.35,0.029724467987310904
3.351666666666667,0.029724554902043832
3.3533333333333335,0.02972464164679729
3.3550000000000004,0.029724728220360704
3.356666666666667,0.029724814621520775
3.3583333333333334,0.029724900849061358
3.3600000000000003,0.029724986901763614
3.361666666666667,0.02972507277840589
3.3633333333333337,0.029725158477763757
3.365,0.02972524399860998
3.3666666666666667,0.02972532933971457
3.3683333333333336,0.029725414499844685
3.37,0.0297254994777647
3.371666666666667,0.02972558427223616
3.3733333333333335,0.02972566888201784
3.375,0.029725753305865646
3.376666666666667,0.029725837542532645
3.3783333333333334,0.029725921590769092
3.3800000000000003,0.029726005449322405
3.381666666666667,0.0297260891169371
3.3833333333333337,0.029726172592354917
3.3850000000000002,0.02972625587431468
3.3866666666666667,0.02972633896155235
3.3883333333333336,0.029726421852801048
3.39,0.02972650454679097
3.391666666666667,0.029726587042249442
3.3933333333333335,0.029726669337900948
3.395,0.029726751432467006
3.396666666666667,0.02972683332466624
3.3983333333333334,0.029726915013214436
3.4000000000000004,0.029726996496824358
3.401666666666667,0.02972707777420592
3.4033333333333338,0.029727158844066074
3.4050000000000002,0.029727239705108863
3.4066666666666667,0.02972732035603538
3.4083333333333337,0.029727400795543785
3.41,0.029727481022329215
3.411666666666667,0.029727561035083977
3.4133333333333336,0.029727640832497296
3.415,0.029727720413255446
3.416666666666667,0.029727799777456737
3.4183333333333334,0.029727878923235855
3.4200000000000004,0.029727957851792802
3.421666666666667,0.029728036559304803
3.4233333333333333,0.029728115044855515
3.4250000000000003,0.02972819330580456
3.4266666666666667,0.029728271340817278
3.4283333333333337,0.029728349148555974
3.43,0.02972842672767987
3.431666666666667,0.029728504076845248
3.4333333333333336,0.029728581194705263
3.435,0.02972865807991007
3.436666666666667,0.0297287347311068
3.4383333333333335,0.0297288111469394
3.4400000000000004,0.0297288873260489
3.441666666666667,0.02972896326707314
3.4433333333333334,0.029729038968646943
3.4450000000000003,0.029729114429402004
3.4466666666666668,0.029729189647966992
3.4483333333333337,0.029729264622967384
3.45,0.029729339353025575
3.451666666666667,0.029729413836760935
3.4533333333333336,0.02972948807278958
3.455,0.02972956205972458
3.456666666666667,0.029729635796175862
3.4583333333333335,0.029729709280750184
3.4600000000000004,0.02972978251205117
3.461666666666667,0.02972985548867932
3.4633333333333334,0.02972992820923193
3.4650000000000003,0.029730000672303126
3.466666666666667,0.029730072876483913
3.4683333333333337,0.02973014482036206
3.47,0.02973021650252215
3.4716666666666667,0.02973028792154562
3.4733333333333336,0.02973035907601067
3.475,0.029730429964492287
3.476666666666667,0.029730500585562213
3.4783333333333335,0.029730570937789056
3.4800000000000004,0.029730641019738116
3.481666666666667,0.029730710829971495
3.4833333333333334,0.029730780367048015
3.4850000000000003,0.029730849629523295
3.486666666666667,0.02973091861594966
3.4883333333333337,0.02973098732487618
3.49,0.029731055754848648
3.4916666666666667,0.02973112390440961
3.4933333333333336,0.02973119177209828
3.495,0.029731259356450622
3.496666666666667,0.02973132665599926
3.4983333333333335,0.029731393669273534
3.5000000000000004,0.029731460394799476
3.501666666666667,0.029731526831099777
3.5033333333333334,0.029731592976693803
3.5050000000000003,0.02973165883009761
3.506666666666667,0.029731724389823872
3.5083333333333337,0.029731789654381946
3.5100000000000002,0.029731854622277804
3.5116666666666667,0.029731919292014086
3.5133333333333336,0.029731983662089984
3.515,0.02973204773100146
3.516666666666667,0.02973211149724092
3.5183333333333335,0.029732174959297464
3.52,0.029732238115656808
3.521666666666667,0.029732300964801204
3.5233333333333334,0.029732363505209525
3.5250000000000004,0.029732425735357202
3.526666666666667,0.029732487653716222
3.5283333333333338,0.02973254925875519
3.5300000000000002,0.02973261054893922
3.5316666666666667,0.029732671522729952
3.5333333333333337,0.02973273217858563
3.535,0.02973279251496097
3.536666666666667,0.029732852530307233
3.5383333333333336,0.029732912223072207
3.54,0.02973297159170017
3.541666666666667,0.029733030634631914
3.5433333333333334,0.029733089350304723
3.5450000000000004,0.029733147737152375
3.546666666666667,0.029733205793605073
3.5483333333333333,0.029733263518089584
3.5500000000000003,0.02973332090902906
3.5516666666666667,0.029733377964843134
3.5533333333333337,0.02973343468394787
3.555,0.02973349106475584
3.556666666666667,0.02973354710567594
3.5583333333333336,0.029733602805113588
3.56,0.02973365816147052
3.561666666666667,0.029733713173145004
3.5633333333333335,0.029733767838531572
3.5650000000000004,0.029733822156021276
3.566666666666667,0.029733876124001465
3.5683333333333334,0.029733929740855886
3.5700000000000003,0.029733983004964663
3.5716666666666668,0.02973403591470428
3.5733333333333337,0.029734088468447575
3.575,0.02973414066456372
3.576666666666667,0.029734192501418254
3.5783333333333336,0.02973424397737298
3.58,0.029734295090786088
3.581666666666667,0.029734345840012073
3.5833333333333335,0.029734396223401696
3.5850000000000004,0.029734446239302006
3.586666666666667,0.029734495886056443
3.5883333333333334,0.029734545162004584
3.5900000000000003,0.029734594065482352
3.591666666666667,0.029734642594821975
3.5933333333333337,0.02973469074835184
3.595,0.02973473852439666
3.5966666666666667,0.02973478592127735
3.5983333333333336,0.029734832937311058
3.6,0.029734879570811123
3.601666666666667,0.029734925820087202
3.6033333333333335,0.02973497168344502
3.6050000000000004,0.02973501715918664
3.606666666666667,0.029735062245610164
3.6083333333333334,0.029735106941009993
3.6100000000000003,0.02973515124367665
3.611666666666667,0.02973519515189682
3.6133333333333337,0.029735238663953355
3.615,0.02973528177812527
3.6166666666666667,0.02973532449268766
3.6183333333333336,0.0297353668059118
3.62,0.029735408716065066
3.621666666666667,0.02973545022141098
3.6233333333333335,0.029735491320209098
3.6250000000000004,0.02973553201071517
3.626666666666667,0.029735572291180894
3.6283333333333334,0.029735612159854194
3.6300000000000003,0.02973565161497894
3.631666666666667,0.02973569065479513
3.6333333333333337,0.02973572927753881
3.6350000000000002,0.02973576748144207
3.6366666666666667,0.029735805264733024
3.6383333333333336,0.029735842625635747
3.64,0.02973587956237043
3.641666666666667,0.029735916073153255
3.6433333333333335,0.029735952156196337
3.645,0.029735987809707827
3.646666666666667,0.029736023031891892
3.6483333333333334,0.029736057820948566
3.6500000000000004,0.029736092175073957
3.651666666666667,0.02973612609246005
3.6533333333333338,0.02973615957129481
3.6550000000000002,0.029736192609762138
3.6566666666666667,0.029736225206041834
3.6583333333333337,0.02973625735830966
3.66,0.02973628906473723
3.661666666666667,0.0297363203234921
3.6633333333333336,0.02973635113273773
3.665,0.029736381490633405
3.666666666666667,0.029736411395334287
3.6683333333333334,0.02973644084499146
3.6700000000000004,0.029736469837751807
3.671666666666667,0.02973649837175807
3.673333333333334,0.029736526445148837
3.6750000000000003,0.029736554056058517
3.6766666666666667,0.029736581202617303
3.6783333333333337,0.02973660788295124
3.68,0.029736634095182127
3.681666666666667,0.0297366598374276
3.6833333333333336,0.029736685107801027
3.685,0.029736709904411556
3.686666666666667,0.02973673422536411
3.6883333333333335,0.029736758068759372
3.6900000000000004,0.029736781432693718
3.691666666666667,0.029736804315259314
3.6933333333333334,0.02973682671454397
3.6950000000000003,0.029736848628631286
3.6966666666666668,0.029736870055600512
3.6983333333333337,0.029736890993526614
3.7,0.029736911440480223
3.701666666666667,0.02973693139452768
3.7033333333333336,0.02973695085373094
3.705,0.02973696981614763
3.706666666666667,0.029736988279831032
3.7083333333333335,0.02973700624283005
3.7100000000000004,0.029737023703189237
3.711666666666667,0.0297370406589487
3.7133333333333334,0.029737057108144206
3.7150000000000003,0.029737073048807103
3.716666666666667,0.029737088478964294
3.7183333333333337,0.029737103396638292
3.72,0.029737117799847147
3.721666666666667,0.029737131686604516
3.7233333333333336,0.029737145054919503
3.725,0.029737157902796865
3.726666666666667,0.029737170228236774
3.7283333333333335,0.029737182029234976
3.7300000000000004,0.02973719330378273
3.731666666666667,0.029737204049866735
3.7333333333333334,0.02973721426546922
3.7350000000000003,0.02973722394856786
3.736666666666667,0.029737233097135822
3.7383333333333337,0.029737241709141684
3.74,0.029737249782549494
3.7416666666666667,0.029737257315318753
3.7433333333333336,0.029737264305404344
3.745,0.02973727075075656
3.746666666666667,0.029737276649321114
3.7483333333333335,0.029737281999039133
3.7500000000000004,0.029737286797847075
3.751666666666667,0.02973729104367676
3.7533333333333334,0.029737294734455442
3.7550000000000003,0.029737297868105656
3.756666666666667,0.02973730044254528
3.7583333333333337,0.029737302455687557
3.7600000000000002,0.029737303905441024
3.7616666666666667,0.029737304789709495
3.7633333333333336,0.02973730510639216
3.765,0.029737304853383374
3.766666666666667,0.029737304028572897
3.7683333333333335,0.02973730262984564
3.7700000000000005,0.029737300655081834
3.771666666666667,0.029737298102156962
3.7733333333333334,0.029737294968941615
3.7750000000000004,0.029737291253301802
3.776666666666667,0.029737286953098574
3.7783333333333338,0.029737282066188267
3.7800000000000002,0.029737276590422343
3.7816666666666667,0.02973727052364752
3.7833333333333337,0.029737263863705576
3.785,0.02973725660843359
3.786666666666667,0.02973724875566361
3.7883333333333336,0.029737240303222945
3.79,0.029737231248933974
3.791666666666667,0.02973722159061419
3.7933333333333334,0.029737211326076207
3.7950000000000004,0.02973720045312766
3.796666666666667,0.029737188969571365
3.798333333333334,0.02973717687320511
3.8000000000000003,0.029737164161821768
3.8016666666666667,0.029737150833209262
3.8033333333333337,0.029737136885150547
3.805,0.029737122315423595
3.806666666666667,0.02973710712180137
3.8083333333333336,0.029737091302051846
3.81,0.029737074853937964
3.811666666666667,0.029737057775217676
3.8133333333333335,0.029737040063643878
3.8150000000000004,0.029737021716964424
3.816666666666667,0.029737002732922048
3.8183333333333334,0.02973698310925451
3.8200000000000003,0.02973696284369439
3.8216666666666668,0.02973694193396925
3.8233333333333337,0.029736920377801488
3.825,0.02973689817290842
3.826666666666667,0.0297368753170022
3.8283333333333336,0.02973685180778989
3.83,0.029736827642973324
3.831666666666667,0.029736802820249205
3.8333333333333335,0.029736777337309086
3.8350000000000004,0.029736751191839293
3.836666666666667,0.02973672438152096
3.8383333333333334,0.029736696904030017
3.8400000000000003,0.02973666875703712
3.841666666666667,0.02973663993820775
3.8433333333333337,0.02973661044520209
3.845,0.029736580275675113
3.846666666666667,0.029736549427276462
3.8483333333333336,0.029736517897650513
3.85,0.029736485684436355
3.851666666666667,0.029736452785267764
3.8533333333333335,0.029736419197773145
3.8550000000000004,0.02973638491957565
3.856666666666667,0.029736349948293023
3.8583333333333334,0.029736314281537665
3.8600000000000003,0.029736277916916593
3.861666666666667,0.029736240852031456
3.8633333333333337,0.0297362030844785
3.865,0.029736164611848536
3.8666666666666667,0.029736125431727004
3.8683333333333336,0.02973608554169385
3.87,0.02973604493932361
3.871666666666667,0.029736003622185377
3.8733333333333335,0.02973596158784272
3.8750000000000004,0.02973591883385372
3.876666666666667,0.029735875357771027
3.8783333333333334,0.02973583115714171
3.8800000000000003,0.02973578622950734
3.881666666666667,0.02973574057240396
3.8833333333333337,0.029735694183362086
3.8850000000000002,0.029735647059906584
3.8866666666666667,0.029735599199556845
3.8883333333333336,0.02973555059982661
3.89,0.02973550125822403
3.891666666666667,0.02973545117225164
3.8933333333333335,0.029735400339406373
3.8950000000000005,0.029735348757179526
3.896666666666667,0.029735296423056674
3.8983333333333334,0.029735243334517776
3.9000000000000004,0.029735189489037146
3.901666666666667,0.029735134884083303
3.9033333333333338,0.029735079517119158
3.9050000000000002,0.029735023385601887
3.9066666666666667,0.029734966486982838
3.9083333333333337,0.02973490881870777
3.91,0.029734850378216573
3.911666666666667,0.029734791162943343
3.9133333333333336,0.029734731170316477
3.915,0.029734670397758515
3.916666666666667,0.0297346088426862
3.9183333333333334,0.029734546502510457
3.9200000000000004,0.029734483374636345
3.921666666666667,0.02973441945646309
3.923333333333334,0.029734354745384016
3.9250000000000003,0.029734289238786647
3.9266666666666667,0.029734222934052486
3.9283333333333337,0.029734155828557273
3.93,0.029734087919670693
3.931666666666667,0.029734019204756556
3.9333333333333336,0.029733949681172725
3.935,0.029733879346271103
3.936666666666667,0.029733808197397554
3.9383333333333335,0.029733736231892047
3.9400000000000004,0.029733663447088464
3.941666666666667,0.029733589840314673
3.943333333333334,0.029733515408892575
3.9450000000000003,0.029733440150137947
3.9466666666666668,0.029733364061360547
3.9483333333333337,0.02973328713986401
3.95,0.029733209382945925
3.951666666666667,0.029733130787897778
3.9533333333333336,0.029733051352004894
3.955,0.0297329710725465
3.956666666666667,0.02973288994679565
3.9583333333333335,0.029732807972019236
3.9600000000000004,0.029732725145477992
3.961666666666667,0.029732641464426446
3.9633333333333334,0.029732556926112944
3.9650000000000003,0.029732471527779542
3.966666666666667,0.02973238526666214
3.9683333333333337,0.029732298139990322
3.97,0.029732210144987475
3.971666666666667,0.029732121278870666
3.9733333333333336,0.029732031538850637
3.975,0.029731940922131866
3.976666666666667,0.029731849425912525
3.9783333333333335,0.02973175704738436
3.9800000000000004,0.029731663783732883
3.981666666666667,0.029731569632137113
3.9833333333333334,0.02973147458976977
3.9850000000000003,0.029731378653797155
3.986666666666667,0.029731281821379133
3.9883333333333337,0.029731184110197397
3.99,0.029731085628086896
3.991666666666667,0.029730986240935203
3.9933333333333336,0.029730885973737128
3.995,0.029730785012784665
3.996666666666667,0.029730683138114725
3.9983333333333335,0.029730580358983738
4.0,0.029730476802592557
